title,company,location,apply_link
Native Korean Speaking Software QA Test Engineer,TikTok,서울 종로3가역,https://kr.indeed.com/viewjob?jk=c0c6a53781018daf
데이터 분석 전문가,LG유플러스,서울특별시,https://kr.indeed.com/viewjob?jk=3832fc8fdab8f574
Deep Learning Junior R&D Engineer,Intel,서울,https://kr.indeed.com/viewjob?jk=59fc4429a494f5a3
DX(Digital Transformation)분야 경력사원 (법인Staff),LG화학,서울특별시,https://kr.indeed.com/viewjob?jk=7c3a3f4b0dd0d04a
"빅데이터, Python 외 신입 정규직",주)씽크풀,서울 영등포구,https://kr.indeed.com/viewjob?jk=f91bdb1160ad64d2
MI(Market Intelligence)담당 마케팅 전략 경력사원,LG전자,서울 영등포구,https://kr.indeed.com/viewjob?jk=54e0d08c99dcf507
"데이터 분석 및 컨설팅 분야 (Python, SAS, 빅데이터) 경력직",한국정보기술단,과천 과천시,https://kr.indeed.com/viewjob?jk=9fe4755841bec8ce
2021 AVIKUS 연구개발부문 신입 및 경력사원,현대중공업그룹,서울,https://kr.indeed.com/viewjob?jk=c831ea201f7dc146
2020 Customs & Foreign Trade Specialist,비테스코테크놀로지스코리아,경기도 이천,https://kr.indeed.com/viewjob?jk=7e4a30dc8d2bc1cf
데이터 엔지니어,RIDI Corp,서울,https://kr.indeed.com/viewjob?jk=f0cf76b36f62ff2a
[상시 ] Data Scientist (대리급/과-차장급/정규직),라이나생명보험,서울 종로구,https://kr.indeed.com/viewjob?jk=e9ac1a8708b8e784
MBC 방송IT센터 소프트웨어 개발 담당,문화방송,서울 마포구,https://kr.indeed.com/viewjob?jk=68ae2d7557736970
"데이터마이닝, 데이터사이언스 신입 인턴",성공하는공장,서울 강남구,https://kr.indeed.com/viewjob?jk=e0bd768490336a11
각 분야별 인재 Pool 등록,지투알,서울,https://kr.indeed.com/viewjob?jk=e631d46f39019d13
Deep Learning Engineer Intern,Intel,서울,https://kr.indeed.com/viewjob?jk=ae775fd3698cfd07
Quantitative Researcher,자산운용: Quantitative Research,서울,https://kr.indeed.com/viewjob?jk=7453bfdc26273cd9
데이터 분석가/사이언티스트(신입/인턴 가능),쏘카,대한민국,https://kr.indeed.com/viewjob?jk=55584c627df1acaa
"[정규직] 데이터 사이언스 (생명정보학, 화학정보학, 기계학습)",카이팜,서울 서대문구,https://kr.indeed.com/viewjob?jk=b6712899b21c90a9
MongoDB 능숙한 Python 웹 개발자 - 정규직,코리아뉴스와이어,서울 중구,https://kr.indeed.com/viewjob?jk=2f8a6bbca95a18ce
솔루션 개발자,고도소프트,서울 구로구,https://kr.indeed.com/viewjob?jk=ce97cc7e1904d7ff
현대무벡스 경력사원 상시,현대무벡스,서울 종로구,https://kr.indeed.com/viewjob?jk=d4c52ba1a491a8b9
기술 인턴 인공지능 응용 연구/개발 인턴,써로마인드로보틱스,서울 관악구,https://kr.indeed.com/viewjob?jk=71c47ac87bb4087e
(주)동진쎄미켐 IT(통계/데이터 분석 교육 보조) 신입사원,동진쎄미켐,서울 마포구,https://kr.indeed.com/viewjob?jk=f87bea02bfb2bd0c
빅데이터 분석(머신러닝/딥러닝) 컨설턴트 정규직,디앤아이컨설팅,서울 동대문구,https://kr.indeed.com/viewjob?jk=da9acd85bb0bbe90
"Python, JAVA 외 신입/경력 정규직, 계약직, 프리랜서 외",블루닷,서울 강남구,https://kr.indeed.com/viewjob?jk=d2603c1cfe3f3d27
2021 Market Data Analyst - Seoul,Bloomberg,서울,https://kr.indeed.com/viewjob?jk=5b73d7ce16a8338a
"[Search] 파파고 머신러닝(자연어처리, 컴퓨터비전) 엔지니어 (신입)",네이버,서울,https://kr.indeed.com/viewjob?jk=c6f624615d1e3da4
Data Science 컨설턴트 - 글로벌 컨설팅펌,에스에프인촌,서울 서초구,https://kr.indeed.com/viewjob?jk=3c27946caa0d99ba
[대기업 계열사] 데이터 분석 전문가,TrueHR,서울 중구,https://kr.indeed.com/viewjob?jk=6544800fd0e099e1
[진행중]우리은행 AI사업부 전문직(AI알고리즘 고도화) 채용공고,우리은행,서울 회현동,https://kr.indeed.com/viewjob?jk=8b191f9812931802
"Python, 데이터분석 외 경력 정규직",에임즈인터내셔널코리아,서울 강남구,https://kr.indeed.com/viewjob?jk=1a2885a205ae2400
디지털 각 부문별 경력사원,지투알,서울,https://kr.indeed.com/viewjob?jk=5aac8a91ba81d624
2020년 석/박사 [산업분석],현대글로비스,서울 강남구,https://kr.indeed.com/viewjob?jk=cef5f2b06f1c5370
"인공지능(AI), 머신러닝(ML) 외 신입/경력 정규직",시스메틱,서울 영등포구,https://kr.indeed.com/viewjob?jk=0b2f8d9e4a9f23fc
Associate,주식회사 지니얼로지,서울,https://kr.indeed.com/viewjob?jk=115f62e82db4dace
Content Producer,Codeit,서울,https://kr.indeed.com/viewjob?jk=4623c0f018a828e3
2021 Global Data Internship - Seoul (Korean Speaker),Bloomberg,서울,https://kr.indeed.com/viewjob?jk=18f62dc644a89e0c
2021년 신입/경력직,다나와,서울 양천구,https://kr.indeed.com/viewjob?jk=29c6b79d1a7d446d
Data analytics & Ad Operations manager,Dentsu Aegis Network,서울,https://kr.indeed.com/viewjob?jk=f82b428f076301bc
2021 IMB Dx 각 부분 직원,아이엠비디엑스,서울 금천구,https://kr.indeed.com/viewjob?jk=27dcadc82a202480
퀀트 개발자 (Quant Developer),ATZ Inc.,서울,https://kr.indeed.com/viewjob?jk=27ea6faf6a8516fd
[개발자] 꿈 찾아드립니다. 저희와 함께하세요.,ICON,서울,https://kr.indeed.com/viewjob?jk=7bdf7f0af8003540
[기술기획] 클라우드 플랫폼 개발자,한국카카오은행,성남 분당구,https://kr.indeed.com/viewjob?jk=2372de2fcdcdd088
[R&D부문 경력사원 ],현대오토에버,서울 강남구,https://kr.indeed.com/viewjob?jk=f79c5af6aba0b1d2
11번가 System Engineer 분야,십일번가,서울 중구,https://kr.indeed.com/viewjob?jk=c24c0a4d4c4d3f5a
Businss Analyst,eBay Inc.,서울,https://kr.indeed.com/viewjob?jk=034b9e008ef26aea
자연어처리전문가 금융챗봇 만들어 갈 엔지니어,파운트,서울 충정로역,https://kr.indeed.com/viewjob?jk=a50fce6cc2cb57c9
신한AI 인공지능(AI) 인력,신한에이아이,서울 영등포구,https://kr.indeed.com/viewjob?jk=a2b8aae664300392
[그룹사 대기업] 페이먼트 플랫폼 개발 및 운영,제이앤피에이치알컨설팅,서울,https://kr.indeed.com/viewjob?jk=2579c2660d6538ee
[AI/Lab] AI 데이터 분석 엔지니어(마케팅 분야),버즈니,서울,https://kr.indeed.com/viewjob?jk=71703965b745ee4a
"금융 데이터 분석 엔진, 로보어드바이저 개발자",에스비씨엔,서울 영등포구,https://kr.indeed.com/viewjob?jk=649ccf047c868778
"R&D Engineer, Sr I",Synopsys,서울,https://kr.indeed.com/viewjob?jk=4a65a5779d9c9e2a
[금호타이어] 21년 1월 수시,금호타이어,광주 광산구,https://kr.indeed.com/viewjob?jk=fc76a3924d8601a4
[전문연구요원] 빅데이터 엔지니어(신입/경력),웹젠,성남 분당구,https://kr.indeed.com/viewjob?jk=03452de7c4b35855
21년 윈스 공채 (신입/경력),윈스,성남 분당구,https://kr.indeed.com/viewjob?jk=af1060d4d417dcf0
[인재풀] 아티스트,Electronic Arts,서울,https://kr.indeed.com/viewjob?jk=aac8e9355cb855ac
[Search] Knowledge Base Applications (신입),네이버,서울,https://kr.indeed.com/viewjob?jk=23dfc13905f7fcc0
[Janssen] Data Scientist,Johnson & Johnson Family of Companies,서울,https://kr.indeed.com/viewjob?jk=4bd70fb8a220d90d
2020년 하반기 영업/기획/마케팅/개발 부문,아우토크립트,서울 영등포구,https://kr.indeed.com/viewjob?jk=4e91309fc89e9534
[웹앱 개발자 ] 백엔드 / Python / PHP / C / C++,솔리도스,서울 강남구,https://kr.indeed.com/viewjob?jk=bffe9416fe824de1
빅데이터 및 AI 분석/개발 경력사원,GS ITM,서울 종로구,https://kr.indeed.com/viewjob?jk=6eb0aa717950d771
AI/빅데이터 (리더급) 국내 대기업,국내 대기업,경기도,https://kr.indeed.com/viewjob?jk=50bdcec0bd5965c1
Data Analyst,IQVIA,서울,https://kr.indeed.com/viewjob?jk=2c4c5856662783e7
Software Engineer Intern,Intel,서울,https://kr.indeed.com/viewjob?jk=425ed567788202a3
Data Engineer(신입),PUBG,서울,https://kr.indeed.com/viewjob?jk=210243e0776dc26f
Principal Business Analyst (Retail Program Management),Coupang,서울,https://kr.indeed.com/viewjob?jk=009995c23a8dfc72
Applications Engineer (Library Characterization),Synopsys,서울,https://kr.indeed.com/viewjob?jk=8c8700db243d1a3c
백엔드 파운트 시스템 엔지니어 (현재 급여수준 이상 보장),파운트,서울 충정로역,https://kr.indeed.com/viewjob?jk=d6c05c588971df5a
글로벌 소셜카지노 부문 사업PM,네오위즈,대한민국,https://kr.indeed.com/viewjob?jk=4665562997b87ff0
반도체 디자인 검증 엔지니어,- 10년 연혁의 팹리스기업,서울 강남구,https://kr.indeed.com/viewjob?jk=093b1546d37ec7f5
Data Analyst,Toss,서울 강남구,https://kr.indeed.com/viewjob?jk=6a062e6906aadca2
Cross Border Ecommerce - Business Intelligence (Based in Seoul),Shopee,서울,https://kr.indeed.com/viewjob?jk=b574f1454ae36aab
Analytics Specialist,MightyHive,서울,https://kr.indeed.com/viewjob?jk=419692b3ddb34768
8퍼센트 개발자 (신입/경력),8퍼센트,서울 종로구,https://kr.indeed.com/viewjob?jk=8af26b37623864c4
Machine Learning Research - Speech Recognition,Qualcomm Korea YH,서울,https://kr.indeed.com/viewjob?jk=19b7736d5aa3f7e5
Developer / Designer recruit,마이뮤직테이스트,서울 논현동,https://kr.indeed.com/viewjob?jk=55a19c92c845685e
풀무원녹즙 PDM사업부 온라인쇼핑몰 시스템 기획/개발 경력사원 채용,풀무원,서울특별시,https://kr.indeed.com/viewjob?jk=51fd7b720e1faf58
정보보안 담당자,Nexon,성남 분당구,https://kr.indeed.com/viewjob?jk=eeb9fe1c361f0758
21년 전문연구요원 (AI엔지니어),Nexon,성남 분당구,https://kr.indeed.com/viewjob?jk=69ab0f58743cb713
Machine Learning Software Engineer - Embedded-AI-Framework,Qualcomm Korea YH,서울,https://kr.indeed.com/viewjob?jk=b1376913a965e740
자산운용부 경력직원,신영증권,서울 영등포구,https://kr.indeed.com/viewjob?jk=fd8f06f52a5f494e
[빅데이터플랫폼] 데이터 플랫폼 운영자,한국카카오은행,성남 분당구,https://kr.indeed.com/viewjob?jk=8eaca3d4cbc13fe1
IT Data Analyst 대리과장급,한성자동차,서울 강남구,https://kr.indeed.com/viewjob?jk=c8a9bea3dc083667
시스템/서버 엔지니어 영입,카카오페이증권,성남 분당구,https://kr.indeed.com/viewjob?jk=a4789c5b4acf4353
Jr. Backend Developer,Delivery Tech Hero,서울,https://kr.indeed.com/viewjob?jk=d6c27e2108eafb61
(식품대기업) 온라인몰 운영 및 개발,화인크루,서울,https://kr.indeed.com/viewjob?jk=bd46fb35ccd8e981
2020년 각 부문 신입/경력,더이앤엠,서울,https://kr.indeed.com/viewjob?jk=ef17560d7d3fb8f3
AI 서비스 백엔드 개발자 (신입/경력),플레이스에이,성남 분당구,https://kr.indeed.com/viewjob?jk=84073b0a49c43877
[전문연구요원] 상시 (전직),네이버랩스,경기도,https://kr.indeed.com/viewjob?jk=14b591547a3b9df5
[데이터 플랫폼]데이터 엔지니어 (전문연구요원 가능),버즈니,서울,https://kr.indeed.com/viewjob?jk=ceb8243bc8ae3c35
"백엔드 개발자(Pyhton Django, DRF)",피큐레잇,서울 마포구,https://kr.indeed.com/viewjob?jk=14757d11e42a1e7f
Machine Learning 엔지니어 영입,카카오모빌리티,성남 분당구,https://kr.indeed.com/viewjob?jk=5163264f93887592
데이터 마케팅 경력사원,LG전자,서울 영등포구,https://kr.indeed.com/viewjob?jk=d69b5a1e60c65ce6
컴퓨터 비전 & 머신 러닝 엔지니어 (신입/경력/커리어전환),플레이스에이,성남 분당구,https://kr.indeed.com/viewjob?jk=f4ed5252a27fc745
Data Scientist,Toss,서울 강남구,https://kr.indeed.com/viewjob?jk=7af6301dc691d3ab
[국비무료과정]Java·Python기반 빅데이터 분석 개발자 양성과정,중앙에이치티에이,서울 종로구,https://kr.indeed.com/viewjob?jk=c7cc9b2859f1791c
(주)엘솔루 웹 개발자,㈜엘솔루,서울,https://kr.indeed.com/viewjob?jk=5fd29c2690ec4905
[KSTEC] 2021년 경력 사원 (SW개발자),지식시스템,성남 분당구,https://kr.indeed.com/viewjob?jk=7dc860cc05850a5b
디지털광고 매니저 경력,두산매거진,서울 강남구,https://kr.indeed.com/viewjob?jk=3d3d6ce7469998f8
"[펜타시큐리티] 보안S/W 개발 및 기획자 (웹, 인증, 클라우드, 블록체인)",펜타시큐리티시스템,서울 영등포구,https://kr.indeed.com/viewjob?jk=8b4fa8f5a4ee0a1e
"[펜타시큐리티] 보안S/W 개발 및 기획자 (웹, 인증, 클라우드, 블록체인)",펜타시큐리티시스템,서울 영등포구,https://kr.indeed.com/viewjob?jk=8b4fa8f5a4ee0a1e
Junior Quant Trader,Byzantine Partners,서울,https://kr.indeed.com/viewjob?jk=25725b3c0e607311
"Senior, Back-end Engineering (Seller-Portal)",Coupang,서울,https://kr.indeed.com/viewjob?jk=6314ca17d2497f7b
[타다]데이터 분석가/사이언티스트,쏘카,대한민국,https://kr.indeed.com/viewjob?jk=3330430ae94277db
[IT벤처기업] AI팀 디렉터 (과장급),커리어라임즈,서울 중구,https://kr.indeed.com/viewjob?jk=8811881754cb9fac
사물인터넷(IoT) 개발자 (하드웨어 및 소프트웨어),큐빅스,경기도 파주,https://kr.indeed.com/viewjob?jk=a4ade495ab488c6f
[브랜디] 경영본부/사업본부/개발직군 신입 및 경력,브랜디,서울 강남구,https://kr.indeed.com/viewjob?jk=cd5ca556791f1f79
Data Specialist (Scientist&&Engineer),아우름플래닛,서울 마포구,https://kr.indeed.com/viewjob?jk=dd4d8e59a4a9265d
"웹개발, Python 외 신입/경력 계약직",쿠바로엠앤씨,서울 강서구,https://kr.indeed.com/viewjob?jk=84fd9f9deb6105b0
Data Analytics SA,Amazon Web Services Korea LLC,서울,https://kr.indeed.com/viewjob?jk=9a818d9d91db847d
프랭클린템플턴투신운용 Junior Trader (Quant base 필수),프랭클린템플턴투신,대한민국,https://kr.indeed.com/viewjob?jk=4adac8923476d038
자연어처러(NLP) 리서처/개발자,주식회사 바운티팜,서울 서초구,https://kr.indeed.com/viewjob?jk=32cd3d2361bac5df
시니어 Full-stack 개발자 (프로덕트 리드),주식회사 바운티팜,서울 서초구,https://kr.indeed.com/viewjob?jk=2adbb2c74623a112
2021년 수시 R&D센터 (1월31일 마감),에스에프에이,경기도 화성,https://kr.indeed.com/viewjob?jk=8d8390811c1cd670
파이썬SW 금융분야 특화 챗봇 개발 함께 할 엔지니어,파운트,서울 충정로역,https://kr.indeed.com/viewjob?jk=ffd9cedb23e97344
[인턴] HR,에이피알,서울 송파구,https://kr.indeed.com/viewjob?jk=bf24bd11107e186f
Application Developer,Amazon Web Services Korea LLC,서울,https://kr.indeed.com/viewjob?jk=56ef71094815c15d
[XTRM] Data Analyst,PUBG,서울,https://kr.indeed.com/viewjob?jk=80a65fe76f39fe46
데이터 엔지니어(신입/경력),쏘카,대한민국,https://kr.indeed.com/viewjob?jk=05aa5498d84c58e1
[카카오커머스] 기술직군,카카오커머스,성남 분당구,https://kr.indeed.com/viewjob?jk=52f8fb3f7e662c5d
퍼즐데이터 역량있는 데이터 분석가,주식회사퍼즐데이터,서울 역삼동,https://kr.indeed.com/viewjob?jk=116009dbf59211ed
동국대학교 자율사물(AT)사업단 직원 채용,동국대학교,서울 필동,https://kr.indeed.com/viewjob?jk=47b130ad378a07a6
"FT LAB에서 파이썬, 웹 어플리케이션 개발자",바이브컴퍼니,서울 용산구,https://kr.indeed.com/viewjob?jk=86bfc1dcbbad04e5
금융 AI 기술 연구 개발자 모집,엔씨소프트,성남 판교역,https://kr.indeed.com/viewjob?jk=e7346aa4ba6c1633
21년 전문연구요원,윈스,성남 분당구,https://kr.indeed.com/viewjob?jk=ed24a53654655e8c
Security Engineer (보안 엔지니어),Toss,서울 강남구,https://kr.indeed.com/viewjob?jk=fb6bafb5ae960c4e
[클라우드서비스] 네트워크 개발자 영입,카카오엔터프라이즈,성남 분당구,https://kr.indeed.com/viewjob?jk=9248ca355efc13d2
Customer Engineer,Microsoft,서울,https://kr.indeed.com/viewjob?jk=7d4bc2a107c6669b
NAVER IDC 서버 운영/관리(가산),NIT Service,서울 가산동,https://kr.indeed.com/viewjob?jk=70fccff4d30cb6bf
유명대기업) 데이터엔지니어 초빙 (5년 이상~),에이치알니즈,서울,https://kr.indeed.com/viewjob?jk=4d1b001be3234c14
사내 및 서비스 보안 담당자 (경력),네오위즈,대한민국,https://kr.indeed.com/viewjob?jk=cd40cf786e32f325
Data Scientist(CSS 모델링),Toss,서울 강남구,https://kr.indeed.com/viewjob?jk=3933762f9f06df56
"Pre Sales AE, Expert",Keysight Technologies,서울,https://kr.indeed.com/viewjob?jk=e646273cb91744c6
[신용리스크모델링팀] 신용평가모형 개발 및 운영담당자,한국카카오은행,성남 분당구,https://kr.indeed.com/viewjob?jk=38ded2ac6c98054a
Security Engineer (취약점 분석),Toss,서울 강남구,https://kr.indeed.com/viewjob?jk=96688eea9c1a9e28
AI 개발자,넷아이디,서울 강남구,https://kr.indeed.com/viewjob?jk=b8c6ad4bd3f32e3d
8퍼센트 경력 개발자,8퍼센트,서울 종로구,https://kr.indeed.com/viewjob?jk=464ef95516a5fa5c
[ESTsecurity] 악성코드 분석 담당자 (신입),이스트시큐리티,서울 서초구,https://kr.indeed.com/viewjob?jk=9522dfa9894d00a9
Linux/Python/PHP/MySQL/백엔드 정규직 경력,일루미나리안,용인 보정동,https://kr.indeed.com/viewjob?jk=04d685fc70b67d4e
DBA 엔지니어,쏘카,대한민국,https://kr.indeed.com/viewjob?jk=d748c217f78dbd58
System Engineer,Toss,서울 강남구,https://kr.indeed.com/viewjob?jk=80dea8b8353c3ee0
[EY한영] 금융감사본부 Data Analytics 전문 경력직 모집,Ernst & Young,대한민국,https://kr.indeed.com/viewjob?jk=e934bb33ef71dacb
1월 입사 - 근무 : 종각역 - S/W개발 정규직,제스웨어,서울 종로구,https://kr.indeed.com/viewjob?jk=0a8de9d8ee100dc8
퀀트운용팀 (사원-대리급),신한비엔피파리바자산운용,대한민국,https://kr.indeed.com/viewjob?jk=9040dba1c8db2a5d
Software Architecture 설계 엔지니어,딥엑스,성남 분당구,https://kr.indeed.com/viewjob?jk=7df915e1f0f86b2d
전문연구요원 (병역특례) 수시 (AI / HW 분야),딥엑스,성남 분당구,https://kr.indeed.com/viewjob?jk=78e99625e5de3c95
데이터 플랫폼 엔지니어,데브시스터즈,서울 강남구,https://kr.indeed.com/viewjob?jk=addb0f396596c8de
[KSTEC] 통계/Analytics 경력사원,지식시스템,성남 분당구,https://kr.indeed.com/viewjob?jk=8cf4e4659595a3b6
"[신입/경력] 이미지 OCR(문자인식), 이미지 딥러닝 S/W개발",코드원시스템,서울 송파구,https://kr.indeed.com/viewjob?jk=97aa2b00fda87ad6
2020년 하반기 각 부문 신입/경력,스탠드포인트,서울 금천구,https://kr.indeed.com/viewjob?jk=158d61f253f65fb4
게임 데이터 분석가,넥스트플로어,서울 서초구,https://kr.indeed.com/viewjob?jk=f24a1b079bd60c47
주식회사 디홀릭커머스 서비스개발 CTO조직 공개,디홀릭커머스,서울 강남구,https://kr.indeed.com/viewjob?jk=b41bb1656430684d
자율주행 셔틀 운행요원,언맨드솔루션,서울 마포구,https://kr.indeed.com/viewjob?jk=7b2ab53f3d76a0b0
2021년 지역주도형 일자리사업「4차 산업혁명 IT인력 일자리창출 지원」인공지능 솔루션 개발 분야,라젠,광주 서구,https://kr.indeed.com/viewjob?jk=85ec5ad4632325c2
DATA ENGINEER,Cobblestone Energy,서울,https://kr.indeed.com/viewjob?jk=ed3cb0c04f6d8345
FnPricing(전문연구요원포함)/에프앤가이드자회사,에프앤자산평가,대한민국,https://kr.indeed.com/viewjob?jk=52b05b64bda6a6cd
[리테일테크] 라운지랩의 안드로이드 개발자 찾습니다.,라운지랩,서울 서초구,https://kr.indeed.com/viewjob?jk=bca09bc2ffa46c12
백엔드 개발자,RippleAI,서울 관악구,https://kr.indeed.com/viewjob?jk=3715424cbfe0e064
"Junior Software Engineer, Server, Messaging",Sendbird,서울,https://kr.indeed.com/viewjob?jk=c9d9689b4870e116
Technical Specialist,Microsoft,서울,https://kr.indeed.com/viewjob?jk=f4c784e2cb1ecbbb
IT직군 채용(직무: 데이터 엔지니어),웅진,서울 종로구,https://kr.indeed.com/viewjob?jk=1ce35033129894b2
Back-end Engineer (Python),Soomgo,서울 강남구,https://kr.indeed.com/viewjob?jk=752a4b5d63eac97c
AI 연구/개발 직군 모집,넷마블,서울 구로구,https://kr.indeed.com/viewjob?jk=481f953ccaa4bc96
Security Engineer (모의해킹/취약점 점검),Toss,서울 강남구,https://kr.indeed.com/viewjob?jk=241ae1e7499c461c
알고리즘/투자,쿼터백자산운용,대한민국,https://kr.indeed.com/viewjob?jk=85f599b637702b35
DBA,비바리퍼블리카,서울 강남구,https://kr.indeed.com/viewjob?jk=2a2fd0d9b3acfaa9
"임베디드(Embedded), H/W 엔지니어 외 경력 정규직, 계약직",아르비존,인천 연수구,https://kr.indeed.com/viewjob?jk=55e125c20e3ebf00
Staff RFFE Production Test Engineer,Qualcomm Korea RFFE Limited,서울,https://kr.indeed.com/viewjob?jk=eed3a8831600f82e
[Search] 글로벌 검색 서비스 개발,네이버,서울,https://kr.indeed.com/viewjob?jk=22192c4556d52108
한국통계정보원 통계 분야 직원(경력),재단법인 한국통계정보원,대전 서구,https://kr.indeed.com/viewjob?jk=ccae3ad24ecb362f
"소프트웨어 엔지니어, C,C++,Python 외 신입/경력 정규직",이투비비,서울 금천구,https://kr.indeed.com/viewjob?jk=f83a7104e9ea2859
프로그래머 (어플리케이션 개발자 또는 웹개발자),오너클랜,서울 금천구,https://kr.indeed.com/viewjob?jk=57e0679a1129c28a
프론트엔드 개발자,(주)블랙로직,서울 성동구,https://kr.indeed.com/viewjob?jk=fe493a78d2a25cf6
프로그램 개발 함께할 분,엑스오엔티엘,서울 강남구,https://kr.indeed.com/viewjob?jk=d300b376dfc26e53
Senior Data Scientist,MSD,서울,https://kr.indeed.com/viewjob?jk=a02e47c274d47675
위시켓과 함께할 서버개발자님,위시켓,서울 강남구,https://kr.indeed.com/viewjob?jk=a3a65a4d59061430
Python Programmer,Mofac,서울 서초구,https://kr.indeed.com/viewjob?jk=df21e3bb5d773616
웹프로그래머,네이처프라임,서울 동대문구,https://kr.indeed.com/viewjob?jk=d8c4433889ba6b06
지스트 블록체인인터넷경제연구센터 계약직(연구원),광주과학기술원,광주 북구,https://kr.indeed.com/viewjob?jk=cd2ef993ee5c8d3f
DBA,Toss,서울 강남구,https://kr.indeed.com/viewjob?jk=74d66a601cc8dde0
이커머스팀 데이터 분석가(Data Analytics),에프알엘코리아,서울 송파구,https://kr.indeed.com/viewjob?jk=eda8754368c9cf8d
FPGA 플랫폼 엔지니어 (딥러닝 하드웨어 프로세서 개발),딥엑스,성남 분당구,https://kr.indeed.com/viewjob?jk=e5448ffc7d6ecf02
자율협력주행 온라인 박람회,자율협력주행 산업발전 협의회,서울,https://kr.indeed.com/viewjob?jk=1f9676614dc8b7e3
한국통계정보원 SW분야 직원(신입),재단법인 한국통계정보원,대전 서구,https://kr.indeed.com/viewjob?jk=faa6429b7c0cff10
"Application Engineer South Korea (Physics, EE)",Zurich Instruments,서울,https://kr.indeed.com/viewjob?jk=7cca723d316495aa
엔미디어플랫폼 데이터베이스 관리자 (DBA) 인재 안내,리더스소프트,성남 분당구,https://kr.indeed.com/viewjob?jk=d0ca27a97ddf91f9
Data Scientist,Soomgo,서울 강남구,https://kr.indeed.com/viewjob?jk=917cc06120add6e1
게임이상탐지 분석/개발,Nexon,성남 분당구,https://kr.indeed.com/viewjob?jk=4ec305f59ce64060
백엔드 엔지니어 (전문연구요원 가능),버즈니,서울,https://kr.indeed.com/viewjob?jk=8b9dbb350f5c0776
"Engr, Apps Dev 3",KLA-Tencor,대한민국,https://kr.indeed.com/viewjob?jk=924d2b1d6678281a
2020년 12월 경력사원 (품질센터),LG에너지솔루션,청주 오창읍,https://kr.indeed.com/viewjob?jk=855c77e0ac0f26d9
Web 개발(이커머스 파트)_PHP/CodeIgniter/Javascript,버드뷰,서울 마포구,https://kr.indeed.com/viewjob?jk=3292e81e43884c67
Support Engineer _ Developer Support,Microsoft,서울,https://kr.indeed.com/viewjob?jk=7449dd28faebd96c
Internal Infra Engineer,Toss,서울 강남구,https://kr.indeed.com/viewjob?jk=741cc6ac364ea9be
[주식회사 센스비전]인공지능 얼굴인식 및 영상분석 개발 경력자,센스비전,서울,https://kr.indeed.com/viewjob?jk=c45c9cd9bf732b07
Datacenter Engineer (강원도 춘천 근무),Oracle,서울,https://kr.indeed.com/viewjob?jk=e26f899b8accca1a
PostgreSQL DBA 국내 IT대기업,국내 IT대기업,경기도,https://kr.indeed.com/viewjob?jk=3ef4547f2602e090
"Senior Staff Engineer, FAE Samsung",ams,서울,https://kr.indeed.com/viewjob?jk=f8fcba2c93fcc52a
[마케팅플랫폼그룹]글로벌 마케팅 플랫폼 개발자,심플렉스,서울 동작구,https://kr.indeed.com/viewjob?jk=7bf482a06d52899d
[단기계약직] 인공지능 기술 개발을 위한 언어 데이터 구축자 모집,엔씨소프트,성남 판교역,https://kr.indeed.com/viewjob?jk=9ccd0db79695e27e
Database / Advanced Support Engineer,Oracle,서울,https://kr.indeed.com/viewjob?jk=507ec3b6e848eea0
빅데이터 AI전문 프로그래머,지엘티코리아,서울 강남구,https://kr.indeed.com/viewjob?jk=005d638af6ebafc4
주간 보안 관제센터 관제 10년 이하,시스템 소프트웨어 개발/ 서비스 IT 서비스 기업,서울 강남구,https://kr.indeed.com/viewjob?jk=fd4a74de56a960ab
개인화메시징,Nexon,성남 분당구,https://kr.indeed.com/viewjob?jk=c52f854a9841881c
[KSTEC] RPA 시스템 개발 신입 및 경력사원,지식시스템,성남 분당구,https://kr.indeed.com/viewjob?jk=a0a093426f99f73c
Perception Software Engineer - Autonomous Vehicles,NVIDIA,대한민국,https://kr.indeed.com/viewjob?jk=94e6b51a16f4a0f6
패시브운용팀,현대인베스트먼트자산운용,대한민국,https://kr.indeed.com/viewjob?jk=0b06eb0f8d5a6a4c
[라젠][청년디지털일자리지원사업] 빅데이터 수집 및 정보처리,라젠,광주 화정동,https://kr.indeed.com/viewjob?jk=8291f4cc1fc52912
검색서비스 서버 개발 신입/경력,포티투마루,서울 관악구,https://kr.indeed.com/viewjob?jk=e010f7780d479126
큐니온 신입 및 경력직 연구원,큐니온,대전 유성구,https://kr.indeed.com/viewjob?jk=9229c9c7499479a6
"Tech Lead, Machine Learning Engineer (Recommendations)",Coupang,서울,https://kr.indeed.com/viewjob?jk=ae94382635ef54a3
모바일 앱 보안 솔루션 개발부문,스틸리언,서울 용산구,https://kr.indeed.com/viewjob?jk=6718bba08ef6e20b
보안,NHN,성남 판교역,https://kr.indeed.com/viewjob?jk=810816c790317a08
빅데이터 자바 직업훈련교사,한국직업전문학교,서울 구로구,https://kr.indeed.com/viewjob?jk=a9e0e9db8d7bb529
데이터 분석 기획 담당 모집,엔씨소프트,성남 판교역,https://kr.indeed.com/viewjob?jk=9307bff9da6bc93f
"Design Consultant, Staff",Synopsys,대한민국,https://kr.indeed.com/viewjob?jk=7e9a745cd8bdcbe3
머신러닝 개발,Nexon,성남 분당구,https://kr.indeed.com/viewjob?jk=a1d687cd59776360
Strategic Data Analytics Specialist,JTI - Japan Tobacco International,서울,https://kr.indeed.com/viewjob?jk=72196719d2cdfbac
"Java, Python 영상툴 개발자",에이아이메이커,서울 마곡동,https://kr.indeed.com/viewjob?jk=cae2de07045cfb2b
Network Consulting Engineer (Full Time) - Korea,Cisco Systems,서울,https://kr.indeed.com/viewjob?jk=57ad8caec6cd2123
S/W 엔지니어 신입/경력 정규직,열린친구,서울 용산구,https://kr.indeed.com/viewjob?jk=ce574f182e88d544
메가스터디 교육그룹 메가IT아카데미 프로그래밍 강사,커리어게이트,서울 마포구,https://kr.indeed.com/viewjob?jk=ebf54abf9ff86446
머신러닝/딥러닝 연구 개발,NHN,성남 판교역,https://kr.indeed.com/viewjob?jk=7e5d96b07d5edef0
Field Application Engineer,에이에스엠엘코리아,경기도 화성,https://kr.indeed.com/viewjob?jk=1f9b74d4ce4bfeee
클라우드 인프라 운영 담당자 모집,넷마블,서울 구로구,https://kr.indeed.com/viewjob?jk=bcd2f0630e298aa3
[전문연구요원] AI R&D - Langauge AI,엔씨소프트,성남 판교역,https://kr.indeed.com/viewjob?jk=bf1fca00c4f999e3
"Rigging TD, PipeLine TD",㈜프락시스스튜디오,서울,https://kr.indeed.com/viewjob?jk=12248f5a9fcf75ff
보안 모니터링 시스템 개발 및 운영 담당자 모집,카카오,성남 판교역,https://kr.indeed.com/viewjob?jk=d13fce11058e6cf1
Data Engineer,KidsLoop,서울,https://kr.indeed.com/viewjob?jk=e899e93a507e6dcb
Web Backend Developer,CryptoQuant,서울,https://kr.indeed.com/viewjob?jk=22cb10097bda06c0
AI/ML Specialist Partner SA,Amazon Web Services Korea LLC,서울,https://kr.indeed.com/viewjob?jk=74ab1f408f53ca70
[기술기획] DevOps 플랫폼 개발자,한국카카오은행,성남 분당구,https://kr.indeed.com/viewjob?jk=45a4ba70bc50acf0
[정보보안] 보안기반 분석 개발 담당 모집,엔씨소프트,성남 판교역,https://kr.indeed.com/viewjob?jk=10b5255a380c6ac4
[TmaxBI/기술] 빅데이터 플랫폼 QA,티맥스소프트,성남 분당구,https://kr.indeed.com/viewjob?jk=f37867a88401d21f
골프존 경력채용 - AI개발(머신러닝/데이터 엔지니어),골프존,서울,https://kr.indeed.com/viewjob?jk=fcd031afcf77cfad
팀리딩 가능한 응용 프로그램 개발자,사이언스쇼,서울 강남구,https://kr.indeed.com/viewjob?jk=9fbf9cf38ffb9df7
(주)바이오니아 2021년 상반기 생명정보부문,바이오니아,대전 대덕구,https://kr.indeed.com/viewjob?jk=d3dd641f5d7df98e
백엔드 개발자 (경력),크로스앵글,서울 역삼동,https://kr.indeed.com/viewjob?jk=af5683389907a8c9
"웹개발, ASP 외 신입/경력 정규직",DS소프트,청주 흥덕구,https://kr.indeed.com/viewjob?jk=a6ee0fde8288f28b
MBC 프론트엔드 개발자 모집,문화방송,서울 상암동,https://kr.indeed.com/viewjob?jk=98c2bd2cd74617ca
Senior Solutions Engineer,Confluent,서울,https://kr.indeed.com/viewjob?jk=6a399a2c059ebbb1
Infra Software Engineer,Toss,서울 강남구,https://kr.indeed.com/viewjob?jk=f97d8d627c3d7362
연구소 개발부문 연구원 직원 (회로설계/하드웨어설계/머신비전/이미지프로세싱),모든,경기도 광명,https://kr.indeed.com/viewjob?jk=03ab9934b4f4e632
Autonomous Driving 분야 엔지니어,포티투닷,서울 강남구,https://kr.indeed.com/viewjob?jk=1e974ff27c6eb340
[웹앱 개발자 ] 프론트엔드 / HTML / JavaScript / PHP / Python,솔리도스,서울 강남구,https://kr.indeed.com/viewjob?jk=39e84c0bd1b237e0
소프트웨어 기술자,엠텍,대전 유성구,https://kr.indeed.com/viewjob?jk=f88fe91eaa6d848b
"(주)딥인스펙션 인공지능 기반 S/W개발자 (연구원,팀장)",딥인스펙션,서울 송파구,https://kr.indeed.com/viewjob?jk=130a45c6509d921f
한글 Q&A 시스템 연구 개발 신입/경력사원,포티투마루,서울 관악구,https://kr.indeed.com/viewjob?jk=6f88041c28b6c1ae
MongoDB Engineer 모집,카카오,성남 판교역,https://kr.indeed.com/viewjob?jk=2695294aea6dc3b6
"Engr, Tech Supp 3",KLA-Tencor,대한민국,https://kr.indeed.com/viewjob?jk=233bbfd9781e846d
딥러닝 개발자 정규직,바이오에이아이,서울 강남구,https://kr.indeed.com/viewjob?jk=5b2574aec8e1d083
SPD Application Engineer,Applied Materials Inc.,대한민국,https://kr.indeed.com/viewjob?jk=5d5679fc921aba56
Healthcare Real World Data Analyst 담당자,IQVIA,서울,https://kr.indeed.com/viewjob?jk=a746de9c7a6168ef
Technical Trainer - Amazon Web Services,Amazon Web Services Korea LLC,서울,https://kr.indeed.com/viewjob?jk=4e11ecf7b61a8745
1분기 개발자 (신입/경력),이스트게임즈,서울 서초구,https://kr.indeed.com/viewjob?jk=6bfec9fa5d0c15f5
"드론 데이터 스타트업, 엔젤스윙 엔지니어",엔젤스윙,서울 관악구,https://kr.indeed.com/viewjob?jk=d017610d9828199c
Lead Technical Solutions Engineer,MightyHive,서울,https://kr.indeed.com/viewjob?jk=ae2c6294bc277408
테크빌더팀 웹어플리케이션 개발자 (백앤드/프론트앤드),Nexon,성남 분당구,https://kr.indeed.com/viewjob?jk=9d9f5827c98272c9
프로그램 개발 (신입/경력) 사원,코이노,서울 구로구,https://kr.indeed.com/viewjob?jk=f6d4b0a535bc8113
[AI R&D] Language AI(NLP) Research 분야 수시 채용,엔씨소프트,성남 판교역,https://kr.indeed.com/viewjob?jk=f4190a8dbb8c05b1
Developers,Coinplug,경기도 성남,https://kr.indeed.com/viewjob?jk=9a9e91ae6092ed2d
삼성전자 플랫폼 SM (Front/Backend/DBA/SWA),샘소프트,서울 서초구,https://kr.indeed.com/viewjob?jk=80295f9d3dd93f53
Site Engineer (Seoul),Motion2AI,서울,https://kr.indeed.com/viewjob?jk=8da5c72baf146123
신약개발 및 프론트엔드/백엔드 개발자,아론티어,서울 서초구,https://kr.indeed.com/viewjob?jk=25bd2e9729d88096
하나손해보험 경력직,하나손해보험,서울 종로구,https://kr.indeed.com/viewjob?jk=0c07d097f996104e
프론트엔드 개발자,스포카,서울 강남구,https://kr.indeed.com/viewjob?jk=b25ed61fb84a5785
초지향 스피커용 신호처리 알고리즘(신입 및 경력) 개발자,제이디솔루션,서울 금천구,https://kr.indeed.com/viewjob?jk=0485e434e6335e2e
Application Engineer ( Silicondash),Synopsys,서울,https://kr.indeed.com/viewjob?jk=3c516818303c4d51
Integration Engineer,스트라드비젼,서울 강남구,https://kr.indeed.com/viewjob?jk=da280e20451ce755
Data Center Operations Engineer,Amzn Corporate Services Korea,서울,https://kr.indeed.com/viewjob?jk=83f36f280c990457
데이터 분석가 모집,카카오,성남 판교역,https://kr.indeed.com/viewjob?jk=092d062a6faa7139
RTL 기반 HW IP 설계 엔지니어 (딥러닝 하드웨어 프로세서 개발),딥엑스,성남 분당구,https://kr.indeed.com/viewjob?jk=6ede042ebe53ba49
Data Analyst Lead,Toss,서울 강남구,https://kr.indeed.com/viewjob?jk=e745dd08a50c50e4
동진쎄미켐 IT 신입사원,동진세미캠,서울 상암동,https://kr.indeed.com/viewjob?jk=74998f52d08a6a6c
추천 통계분석/데이터사이언티스트,카카오,성남 판교역,https://kr.indeed.com/viewjob?jk=bfe0f5ac4f32ec89
H/W 테스트 엔지니어,글로벌 반도체 제조 대기업,인천,https://kr.indeed.com/viewjob?jk=2526f582db59c02d
HW/SW 분야 직무교육 전문 강사,에이치에스글로벌,서울 강남구,https://kr.indeed.com/viewjob?jk=408f391fe960a97d
SW Engineer for R&D Extension Korea,Applied Materials Inc.,경기도 화성,https://kr.indeed.com/viewjob?jk=fb3395b4ba6b4f61
[아이콘트롤스] 2020년 경력 직원 (기술연구소) 연구개발부문,현대산업개발,성남 분당구,https://kr.indeed.com/viewjob?jk=a6d9692dec21424c
Social Listening Analyst (Korea),VaynerMedia LLC,서울,https://kr.indeed.com/viewjob?jk=07c56d3a1fc32c0c
[클라우드인프라] 인프라 네트워크 개발자(NetDevOps) 영입,카카오엔터프라이즈,성남 분당구,https://kr.indeed.com/viewjob?jk=ad8f46847e8453a3
Software Developer - Front-End / Back-End,AITRICS,서울,https://kr.indeed.com/viewjob?jk=5123207a169f90eb
[EY컨설팅] 컨설팅본부 Data & Analytics팀 경력 컨설턴트 모집,Ernst & Young,대한민국,https://kr.indeed.com/viewjob?jk=88dc97f9accc1441
추천 시스템 연구/개발,카카오,성남 판교역,https://kr.indeed.com/viewjob?jk=be6c1f03fa566f8e
IT/AI 개발 팀원/팀장,제이로고스,서울 용산구,https://kr.indeed.com/viewjob?jk=8d05eb89c3dfb9f3
NAVER IDC 서버 운영/관리(춘천),NIT Service,춘천 동면,https://kr.indeed.com/viewjob?jk=de567c4b6b588c4c
Product Data Analyst (Customer Experience Product Analytics),Coupang,서울,https://kr.indeed.com/viewjob?jk=18ffbdc4702c3608
User Acquisition Manager- Korea,Mistplay,서울,https://kr.indeed.com/viewjob?jk=ddc632d73400704e
Software Technical Consulting Engineer Intern,Intel,서울,https://kr.indeed.com/viewjob?jk=1042787aa4b5c20d
메시지발송 플랫폼 개발자,Nexon,성남 분당구,https://kr.indeed.com/viewjob?jk=eaee1538d8cc832f
데이터 분석 직군 모집,넷마블,서울 구로구,https://kr.indeed.com/viewjob?jk=1c4f1c0b625f5abd
추천 시스템 소프트웨어 엔지니어,카카오,성남 판교역,https://kr.indeed.com/viewjob?jk=07375dc4e800dfa9
TOAST CAM 임베디드 개발,NHN,성남 판교역,https://kr.indeed.com/viewjob?jk=1a75ce748c5f24e9
"모바일 앱 서버 개발(Java, Python)",휴먼디지털,서울,https://kr.indeed.com/viewjob?jk=16dff836029458af
백엔드 개발자,스포카,서울 강남구,https://kr.indeed.com/viewjob?jk=bd8e5afa35b65cbc
[어니컴(주)] 빅데이터 분석/시스템구축개발자 (신입/경력),어니컴,서울 서대문구,https://kr.indeed.com/viewjob?jk=e25f3da3cf8ec49e
프론트엔드 정규직,바이오에이아이,서울 강남구,https://kr.indeed.com/viewjob?jk=a4015a0d112e9569
Datacenter GoExpert Engineer,Oracle,서울,https://kr.indeed.com/viewjob?jk=d5b9967419c40794
소프트웨어 개발자 (KISTI 연구소 기업 SDN 제품 개발),트렌토 시스템즈,대전 유성구,https://kr.indeed.com/viewjob?jk=a1766676a50bb276
매칭 데이터분석,Nexon,성남 분당구,https://kr.indeed.com/viewjob?jk=15edcadd124ad99a
"(주)트윔 개발자(경력직) 빅데이터,영상처리,머신비전/AI 딥러닝",트윔,경기도 화성,https://kr.indeed.com/viewjob?jk=a0dda478567db352
JAVA 전문 프로그래머,지엘티코리아,서울 강남구,https://kr.indeed.com/viewjob?jk=fa990cc7cc17afcd
[AI Lab] AI 백엔드 엔지니어 (전문연구요원 가능),버즈니,서울,https://kr.indeed.com/viewjob?jk=b36a14edee2a53d1
[웹젠] 보안솔루션 운영(경력),웹젠,성남 분당구,https://kr.indeed.com/viewjob?jk=01d70f598a410bbe
"데이터 가치를 함께 발굴하실 머신러닝, 통계 모델링 전문가 모집",카카오,성남 판교역,https://kr.indeed.com/viewjob?jk=d1e75364ef505c68
Field Application Engineer (FAE) – Korea/Asia,LUCID Vision Labs,대한민국,https://kr.indeed.com/viewjob?jk=06995d4800ce38f3
[Anti-Cheat] Data Analyst,PUBG,서울,https://kr.indeed.com/viewjob?jk=17b03ebf96f6e2db
"Solutions Architect, Manufacturing Specialist - AMAZON Web Services, Korea",Amazon Web Services Korea LLC,서울,https://kr.indeed.com/viewjob?jk=1502306577f8b10a
IoT앱 개발 (앱-서버 연동) 경력무관,별따러가자,서울 강서구,https://kr.indeed.com/viewjob?jk=393b12c1de762439
Data Engineer,Toss,서울 강남구,https://kr.indeed.com/viewjob?jk=30397f4de3627e9d
바이오프린터/의료기기 소프트웨어(앱) 개발자 (경력직) (펌웨어 아님),로킷헬스케어,서울 금천구,https://kr.indeed.com/viewjob?jk=1f54a55194e5a2cd
Software Developer,Korea Trade center,대한민국,https://kr.indeed.com/viewjob?jk=90a5f45a5c0247e3
Junior Full-Stack Developer,Asiance,서울,https://kr.indeed.com/viewjob?jk=7268328c0d71d81c
[XTRM] Data Engineer,PUBG,서울,https://kr.indeed.com/viewjob?jk=f837dc18688a1d0f
Data Engineer,Soomgo,서울 강남구,https://kr.indeed.com/viewjob?jk=5c45a3d19019f932
경험최적화파트 - 머신러닝 엔지니어,Nexon,성남 분당구,https://kr.indeed.com/viewjob?jk=7bf179a290a157b2
Software Developer,KidsLoop,서울,https://kr.indeed.com/viewjob?jk=7909b5665bd4ee38
Credit Risk 모델러,Toss,서울 강남구,https://kr.indeed.com/viewjob?jk=ad3dfd853ea7ef40
데스크탑 가상화(VDI) 엔지니어 모집,카카오,성남 판교역,https://kr.indeed.com/viewjob?jk=530a598184580c95
eBeam System Engineer for R&D Extension Korea,Applied Materials Inc.,경기도 화성,https://kr.indeed.com/viewjob?jk=25a21ebfa5410f05
백엔드 개발자,뉴트리션코트,서울 강남구,https://kr.indeed.com/viewjob?jk=d621cbb75440764e
Sr. Data Architect,Amazon Web Services Korea LLC,서울,https://kr.indeed.com/viewjob?jk=5d9a7b29a92fc3da
데이터 사이언티스트 모집,카카오,성남 판교역,https://kr.indeed.com/viewjob?jk=0064deb5fa9cbce0
"Site Reliability Engineer, Messaging",Sendbird,서울,https://kr.indeed.com/viewjob?jk=bbbfbb33164df0e3
TOAST Cloud 사업기획/영업,NHN,성남 판교역,https://kr.indeed.com/viewjob?jk=6b86ea39985912b6
검색&추천 소프트웨어 엔지니어(신입/경력),myrealtrip,서울,https://kr.indeed.com/viewjob?jk=71675db885a52e67
Security Engineer (모의해킹),Toss,서울 강남구,https://kr.indeed.com/viewjob?jk=0b03d57e900ac140
Mid-Market Sales Engineer,DataDog,대한민국,https://kr.indeed.com/viewjob?jk=52a593e64d404756
"Python, API 경력 정규직, 계약직",라라,부산 수영구,https://kr.indeed.com/viewjob?jk=3d4a43483a78eca0
Chief Technology Officer,Asiance,서울,https://kr.indeed.com/viewjob?jk=1888ee91da93366d
Senior Business Analyst (Coupang Eats),Coupang,서울,https://kr.indeed.com/viewjob?jk=75291751255b54e3
[빅데이터분석] 데이터 사업 기획 및 운영 담당자,한국카카오은행,성남 분당구,https://kr.indeed.com/viewjob?jk=d276e0246539b012
링크샵스 플랫폼 개발 및 유지보수 담당,링크샵스,서울 중구,https://kr.indeed.com/viewjob?jk=a6d0f0030a9ad230
Ant Group System operation and maintenance engineer (Korea) International BG,Alibaba,서울,https://kr.indeed.com/viewjob?jk=f90b1c51a3fc214c
DRE - Build Engineer,Success Korea,서울,https://kr.indeed.com/viewjob?jk=ee7e4f2e5d69f84c
Senior Consulting Engineer (APAC),MongoDB,서울,https://kr.indeed.com/viewjob?jk=f4bc98df496ca222
게임 데이터 분석가,쿡앱스,성남 분당구,https://kr.indeed.com/viewjob?jk=5a299cf580491445
KAIST 응용과학연구소(건설및환경공학과) 연수연구원(Post-Doc.) 모집 공고,카이스트,대전 유성구,https://kr.indeed.com/viewjob?jk=80e256014f420f41
리서치분야 석사이상 경력직,케이지제로인,대한민국,https://kr.indeed.com/viewjob?jk=b602108c31558329
"[정규직] 데이터 사이언스 (생명정보학, 화학정보학, 기계학습)",주식회사카이팜 관심기업,서울 신촌동,https://kr.indeed.com/viewjob?jk=50eb81802b9030c6
Field Data Scientist,Success Korea,경기도,https://kr.indeed.com/viewjob?jk=2892c67308e87f01
4차산업혁명관련 콘텐츠 기획 / 개발 / 운영 전문가 찾습니다.,이앤오즈,서울 금천구,https://kr.indeed.com/viewjob?jk=1941bdb29b525b77
[업계1위/복지최강] JAVA 개발자 대규모 인재,인라이플,서울 구로구,https://kr.indeed.com/viewjob?jk=9e2120970bcb9514
[취업연계교육]전액무료 IT교육받고 취업하자,휴먼교육센터,청주 흥덕구,https://kr.indeed.com/viewjob?jk=ce3e13c2bc8da256
보안 담당자 모집,넷마블,서울 구로구,https://kr.indeed.com/viewjob?jk=05f98eb7cf040f64
Account Executive - Korea,Mistplay,서울,https://kr.indeed.com/viewjob?jk=72abb40412824104
"KAIST 정보전자연구소 [연수연구원(POST-DOC), 전산학부 지능형 서비스 통합연구실 [위촉연구원] 모집 공고",카이스트,대전 유성구,https://kr.indeed.com/viewjob?jk=0b73bc112692fd53
룰루랩 알고리즘 경력 개발자 (전문연구요원),룰루랩,서울 강남구,https://kr.indeed.com/viewjob?jk=a16019f2df886967
Infra / Blockchain Node Engineer 인프라/블록체인 노드 엔지니어,Peer,서울 강남구,https://kr.indeed.com/viewjob?jk=2cde101f75a4f495
"CRM분석, CRM Marketing Manager 국내 대기업 식품회사",국내 대기업 식품회사,서울특별시,https://kr.indeed.com/viewjob?jk=5bffd6be54d68b58
System SW 엔지니어,딥엑스,성남 분당구,https://kr.indeed.com/viewjob?jk=fc037709d0770796
[AI R&D] 플랫폼 개발 엔지니어 수시 모집,엔씨소프트,성남 판교역,https://kr.indeed.com/viewjob?jk=99117c90373dd2ee
[오니온파이브] 2021 개발 경력직 정기 (팀장급),오니온파이브,서울 중구,https://kr.indeed.com/viewjob?jk=086dc2ac76b9fd75
데이터 분석 및 지표 구축,아프리카TV,경기도 성남,https://kr.indeed.com/viewjob?jk=7fdcd7a7457b1e93
ESS Technical Consultant,Appier,서울,https://kr.indeed.com/viewjob?jk=4e350a007111d659
네트워크 엔지니어,Nexon,성남 분당구,https://kr.indeed.com/viewjob?jk=77b4c2f36acac43b
Server Developer(Python) - ASAP,Success Korea,서울,https://kr.indeed.com/viewjob?jk=feb3e6495e583e41
"Principal, Business Analyst (SCM Systems)",Coupang,서울,https://kr.indeed.com/viewjob?jk=f8884a7f8067fd39
Lead Engineer - McKinsey Digital (18-months contract),McKinsey & Company,서울,https://kr.indeed.com/viewjob?jk=da83ccf654e10ff8
시스템 엔지니어링,NHN,성남 판교역,https://kr.indeed.com/viewjob?jk=5cb14c0712a6c4c1
Credit Risk Manager,Toss,서울 강남구,https://kr.indeed.com/viewjob?jk=3929f9c03665e38e
DW Engineer,Toss,서울 강남구,https://kr.indeed.com/viewjob?jk=f437c9ee0ea596a9
(주)아이옵스 소프트웨어 개발자 경력직,아이옵스,대전 유성구,https://kr.indeed.com/viewjob?jk=3b9d6b796bea545b
[공통기술부문] DBA,우아한 형제들,서울 송파구,https://kr.indeed.com/viewjob?jk=611a08c9fbbafbc4
데이터 사이언티스트를 지향하는 데이터 엔지니어 모집,카카오,성남 판교역,https://kr.indeed.com/viewjob?jk=385c58c7ced1d77b
카카오톡 안티어뷰징을 위한 데이터/백엔드 엔지니어 및 머신러닝 전문가 모집,카카오,성남 판교역,https://kr.indeed.com/viewjob?jk=9ab2041ab3380a21
Customer Operations Engineering Manager,Success Korea,대한민국,https://kr.indeed.com/viewjob?jk=8a15326f80e07c08
"2021년 상반기 Java, Oracle, Python 외 경력직",모비젠,서울 송파구,https://kr.indeed.com/viewjob?jk=ac1795b447a5db0c
유명 바이오 의료기기 스타트업 Web Backend 개발자,인파트너스,서울 서초구,https://kr.indeed.com/viewjob?jk=0e384ad4124b5dca
"Engineering Manager, Server",Sendbird,서울,https://kr.indeed.com/viewjob?jk=8289fe02a353fc85
성장하는 핀테크 스타트업 BackEnd Developer 경력직,웨이브릿지,서울 강남구,https://kr.indeed.com/viewjob?jk=f8ee4cfdf4dd6934
리서치분야 경력직,케이지제로인,대한민국,https://kr.indeed.com/viewjob?jk=2238a8f7a38080f3
Backend Developer,KidsLoop,서울,https://kr.indeed.com/viewjob?jk=d7b1019fe6f88309
FX,Mofac,서울 서초구,https://kr.indeed.com/viewjob?jk=9214061c8bc345b2
Physicist or Engineer (m/f/d) as System Engineer for 3D Cameras,pmdtechnologies,서울,https://kr.indeed.com/viewjob?jk=7dfbf378267bf0b0
Deep Learning R&D Engineer,Intel,서울,https://kr.indeed.com/viewjob?jk=e4f1914b34f03ca2
TOAST Cloud 운영 및 기술지원,NHN,성남 판교역,https://kr.indeed.com/viewjob?jk=ad07d6a330fb619a
자율주행연구팀 연구사원 (신입/경력),소네트,대구 달성군,https://kr.indeed.com/viewjob?jk=02bcd7b6412d1db9
생산기술연구팀 개발자 연구원,에이스트로닉스,대전 유성구,https://kr.indeed.com/viewjob?jk=3805907e10c94ad1
Marketing Data Warehouse (DW) Engineer,네오위즈,대한민국,https://kr.indeed.com/viewjob?jk=b8f9ac1a8d98c9fc
SW(모바일앱 및 웹개발) 신입/경력 정규직 개발자,더조인,서울 강남구,https://kr.indeed.com/viewjob?jk=31c8ae4a133b5147
스크립트 개발 프로그래머,Nexon,성남 분당구,https://kr.indeed.com/viewjob?jk=d56db98820a1324c
[AI R&D] 데이터 엔지니어 수시 모집,엔씨소프트,성남 판교역,https://kr.indeed.com/viewjob?jk=1a5148d3f9869622
[서울 본사] SW 개발 정규직,다스코포레이션,서울 구로구,https://kr.indeed.com/viewjob?jk=0f0e731a06cbed7c
보안 개발자 모집,넷마블,서울 구로구,https://kr.indeed.com/viewjob?jk=b9a9af798e9d24a5
클라우드 엔지니어 (),NHN SOFT,성남 판교역,https://kr.indeed.com/viewjob?jk=8bcc7807085700a7
고객경험 개선 CS운영관리자(2년 이상),우아한 형제들,서울 송파구,https://kr.indeed.com/viewjob?jk=5944a3016adb823a
[던전앤파이터(중국)] 컨텐츠 기획자(신입),네오플,서울 강남구,https://kr.indeed.com/viewjob?jk=742179f9fc5a69e6
Lead Product Engineer - Liberate,Cadence Design Systems,경기도,https://kr.indeed.com/viewjob?jk=ffac42e32db26233
[신규프로젝트] 서버 프로그래머 모집,엔씨소프트,성남 판교역,https://kr.indeed.com/viewjob?jk=c31de64f3670c8ed
배달로봇 dilly 로봇 소프트웨어 개발자(자율주행) (5년이상),우아한 형제들,서울 송파구,https://kr.indeed.com/viewjob?jk=ae030e8e748ff5c8
[IT무료취업교육]자바&파이썬 웹애플리케이션 전문가 양성과정,케이티디에스,서울 서초구,https://kr.indeed.com/viewjob?jk=372a8e8215f41561
안드로이드 개발자,스포카,서울 강남구,https://kr.indeed.com/viewjob?jk=36a418cd05c30a44
[던전앤파이터(중국)] 컨텐츠 기획자(경력),네오플,서울 강남구,https://kr.indeed.com/viewjob?jk=26678e77fa64603b
데이터 마트 개발,Nexon,성남 분당구,https://kr.indeed.com/viewjob?jk=2f9853d8068aa1f9
인프라 기술 담당자 모집,넷마블,서울 구로구,https://kr.indeed.com/viewjob?jk=f1f52bf8a7baa66d
게임 런처 개발,Nexon,성남 분당구,https://kr.indeed.com/viewjob?jk=0b05f7fff851371a
"프론트엔드, 백엔드 개발 경력 정규직",토이스미스,서울 강남구,https://kr.indeed.com/viewjob?jk=fdd1ec500461c093
Senior Backend Developer,KidsLoop,서울,https://kr.indeed.com/viewjob?jk=206ee1ecc1a37990
Mobile Field Applications Engineer,Dolby,서울,https://kr.indeed.com/viewjob?jk=ba020dbad779cf77
Mobile Field Applications Engineer,Dolby,서울,https://kr.indeed.com/viewjob?jk=ba020dbad779cf77
프론트앤드 개발,Nexon,성남 분당구,https://kr.indeed.com/viewjob?jk=2755f5a6205a5c3d
SW 배움 좋아하는 긍정적 마인드 소유한 개발자,스마트쿱,서울,https://kr.indeed.com/viewjob?jk=ce41340260a844d2
"[해외취업] 베트남 에이스테크놀로지, 필터 튜닝 자동화 소프트웨어 개발 경력자",한국무역협회,서울 삼성역,https://kr.indeed.com/viewjob?jk=e64b4485cc3f5909
추천 AI 기술 연구 및 개발자 모집,엔씨소프트,성남 판교역,https://kr.indeed.com/viewjob?jk=d7d6e31b56a8bcd7
DGIST 2019년 제1차 계약직원 공개채용 공고,대구경북과학기술원,대구 현풍면,https://kr.indeed.com/viewjob?jk=4cd34228af5013fd
"Principal, Operations Research (Logistics Strategic Capacity Planning)",Coupang,서울,https://kr.indeed.com/viewjob?jk=c2c76ec2dcddb7e5
파이썬 개발자 초중급 이상,데이터앤솔루션,서울 서초구,https://kr.indeed.com/viewjob?jk=d158e683dc0b7500
현대무벡스 경력사원 상시[클라우드 Data Analytics],현대무벡스,서울 종로구,https://kr.indeed.com/viewjob?jk=b96faf761422ccc8
[신규프로젝트: MARS]서버 소프트웨어 엔지니어 - 게임 개발,데브시스터즈,서울 강남구,https://kr.indeed.com/viewjob?jk=95dcdb50fd0cd7b4
Security Developer (보안 개발자),Toss,서울 강남구,https://kr.indeed.com/viewjob?jk=857aced59dd116dd
11번가 검색엔진 개발 분야,십일번가,서울 강남구,https://kr.indeed.com/viewjob?jk=f7630f5f2e2e78de
[웹젠] 게임보안(경력),웹젠,성남 분당구,https://kr.indeed.com/viewjob?jk=a5244a585ab2b595
제품/솔루션 개발 경력직,이젠고,서울 노원구,https://kr.indeed.com/viewjob?jk=4e362b844bb2be9a
[던전앤파이터] 리깅TA,네오플,서울 강남구,https://kr.indeed.com/viewjob?jk=ee7bb11873ae75fa
주식회사 내방패밀리 웹 & 앱 개발 직무,내방패밀리,서울 서초구,https://kr.indeed.com/viewjob?jk=bb21c13e3bc6193f
Data Platform Engineer,Toss,서울 강남구,https://kr.indeed.com/viewjob?jk=58776016fbc8665f
AI플랫폼 백엔드 개발자 모집,넷마블,서울 구로구,https://kr.indeed.com/viewjob?jk=84df664a7eb829bc
"데이터마이닝, 빅데이터 큐레이터 외 신입/경력 정규직",에임즈인터내셔널코리아,서울 강남구,https://kr.indeed.com/viewjob?jk=1d89fe4b37ab05ed
데이터 사이언스 및 엔지니어링,NHN,성남 판교역,https://kr.indeed.com/viewjob?jk=46975ee759c13b8a
2020-2회 수리 및 계산과학 연구단 데이터사이언스그룹 박사후연구원,기초과학연구원,대전,https://kr.indeed.com/viewjob?jk=856528805cee26fe
"Principal, Back-end Engineering (Seller Portal)",Coupang,서울,https://kr.indeed.com/viewjob?jk=81d30a318738da23
DevOps Consultant,Amazon Web Services Korea LLC,서울,https://kr.indeed.com/viewjob?jk=1862fadd8d8cc440
Application Architect,Amazon Web Services Korea LLC,서울,https://kr.indeed.com/viewjob?jk=c1dd526d9a03c05b
"Specialized Solutions Architect III, DW",Amazon Web Services Korea LLC,서울,https://kr.indeed.com/viewjob?jk=1961cdd73f62c880
경험최적화 - 머신러닝 엔지니어,Nexon,성남 분당구,https://kr.indeed.com/viewjob?jk=d80ca42562e966a4
머신러닝 엔지니어 모집,카카오,성남 판교역,https://kr.indeed.com/viewjob?jk=269f9a96319ef19a
SOFTWARE ENGINEER - BACKEND,"ODK Media, Inc.",서울 강남구,https://kr.indeed.com/viewjob?jk=6e4170888fdd92a5
Technical Artist - Developer Relations,Epic Games,서울,https://kr.indeed.com/viewjob?jk=df7ec5d31adfea75
매칭 기획,Nexon,성남 분당구,https://kr.indeed.com/viewjob?jk=36c48cb9bc2758cb
데이터분석가(게임어뷰징 탐지),Nexon,성남 분당구,https://kr.indeed.com/viewjob?jk=ea3b136c0ff59524
메타넷대우정보(주) 경력직,메타넷대우정보,서울,https://kr.indeed.com/viewjob?jk=b9c4ea85b70ec97c
[TGD] Data Scientist 모집,엔씨소프트,성남 판교역,https://kr.indeed.com/viewjob?jk=270c595f30f8023e
Solutions Architect for GPU Data center technologies,NVIDIA,서울,https://kr.indeed.com/viewjob?jk=8f63a89550782d70
전문연구요원 (병역특례) 수시 (AI / SW 분야),딥엑스,성남 분당구,https://kr.indeed.com/viewjob?jk=d83fc0dd2641f483
로봇 소프트웨어 개발자(자율주행),Success Korea,서울,https://kr.indeed.com/viewjob?jk=46a2caefb4852fa5
영상처리 머신비전 3D데이터 핸들링 등 SW 알고리즘 개발자,17년차 중소기업 / 철도 시설물 변형 자동 측정 시스템 개발,군포 당정동,https://kr.indeed.com/viewjob?jk=a72232e447025a05
주식운용본부,디지비자산운용,서울 여의도역,https://kr.indeed.com/viewjob?jk=97149a18aa559dfc
Developer (개발자),Coinplug,경기도 성남,https://kr.indeed.com/viewjob?jk=b7be58e7af38d186
딥러닝 알고리즘 및 응용 Engineer,딥엑스,성남 분당구,https://kr.indeed.com/viewjob?jk=35f0a25dee5f3312
Pipeline TD,Mofac,서울 서초구,https://kr.indeed.com/viewjob?jk=1d98c46b4900b7e6
TD (Pipeline Developer),KidsLoop,서울,https://kr.indeed.com/viewjob?jk=d117f8be236d78e5
DevOps Engineer,Toss,서울 강남구,https://kr.indeed.com/viewjob?jk=5d2bbe4c649db4f4
[AI R&D] 프론트엔드 개발 수시 모집,엔씨소프트,성남 판교역,https://kr.indeed.com/viewjob?jk=1ea1c58fe11f9df4
"백앤드개발자(Python, Open CV 가능자 우대)",티디랩,성남 중원구,https://kr.indeed.com/viewjob?jk=8e4c51324de5225c
[크리스베럴 주식회사]보안컨설팅,크리스베럴,서울 잠실동,https://kr.indeed.com/viewjob?jk=0f1bc162bd9541c0
헬스케어및 교육정보 분야 응용SW개발자,아이티에듀고,서울 금천구,https://kr.indeed.com/viewjob?jk=9900117940c388f0
Consultant - Identity & Security,Microsoft,대한민국,https://kr.indeed.com/viewjob?jk=f71d35f5dff01c45
(주)쓰리에치솔루션 부문별 신입/경력 직원,쓰리에치솔루션,청주 흥덕구,https://kr.indeed.com/viewjob?jk=89f0129657940611
Support Engineer,Microsoft,서울,https://kr.indeed.com/viewjob?jk=c7c1f954a01e35e8
데이터프로덕트 서비스기획 경력직,우아한 형제들,서울 송파구,https://kr.indeed.com/viewjob?jk=7f8dfa642aec3d26
Senior Back-End Developer,Asiance,서울,https://kr.indeed.com/viewjob?jk=e9f73786bed9029d
"Technical Solutions Engineer, Wear OS (English, Korean)",Google,서울,https://kr.indeed.com/viewjob?jk=b966810974ac84da
(주)넷타겟 연구원 (웹프론트엔드 개발자),넷타겟,대전 유성구,https://kr.indeed.com/viewjob?jk=0feb2770202a5be1
Solutions Architect,Confluent,서울,https://kr.indeed.com/viewjob?jk=07b56080a8f0f1f9
Software Engineer,Bear Robotics,서울,https://kr.indeed.com/viewjob?jk=431c80cac460aa33
마케팅 데이터 엔지니어 모집,넷마블,서울 구로구,https://kr.indeed.com/viewjob?jk=9ccf3e3afe262bf8
"Principal, Data Scientist (Fresh Process)",Coupang,서울,https://kr.indeed.com/viewjob?jk=bf614edacfa25dbc
채팅모듈 개발자,Nexon,성남 분당구,https://kr.indeed.com/viewjob?jk=3b752abecf619fe5
카카오 광고 서비스 알고리즘 및 시스템 개발,카카오,성남 판교역,https://kr.indeed.com/viewjob?jk=afe92c03320fe1b3
경험최적화 - 데이터 사이언티스트/분석가,Nexon,성남 분당구,https://kr.indeed.com/viewjob?jk=1b62babbbf2d717a
데이터 사이언스 전문가 및 머신러닝 전문가 모집,카카오,성남 판교역,https://kr.indeed.com/viewjob?jk=85929aac498299cc
IT Engineer 모집,엔씨소프트,성남 판교역,https://kr.indeed.com/viewjob?jk=c6e1898b356a3f32
Cloud Solution Architect,Microsoft,서울,https://kr.indeed.com/viewjob?jk=90dd75e589949e62
"AI개발자, JAVA개발자, ERP컨설턴트 정규직",시너지시스템즈,서울 서초구,https://kr.indeed.com/viewjob?jk=f6c6ea351bb0f996
금융IT(UI/UX개발) 인재,에셋플러스자산운용,대한민국,https://kr.indeed.com/viewjob?jk=04751aa927de1b32
딥러닝/빅데이터 개발자,제타럭스시스템,서울 송파구,https://kr.indeed.com/viewjob?jk=10d5327f564d74ff
Data Scientist (Analytics Modeling Expert),Success Korea,서울,https://kr.indeed.com/viewjob?jk=10530ea7d98370b7
Software Development Engineer,Mentor Graphics (Korea) LLC,경기도 성남,https://kr.indeed.com/viewjob?jk=914578ba5310e818
서울 강남구 인썸니아 시니어 개발자 및 퍼블리셔,인썸니아,서울 서초구,https://kr.indeed.com/viewjob?jk=6c1d50662fa2d7f7
2021년도 국비 기술교육생,대한상공회의소 광주인력개발원,광주 광산구,https://kr.indeed.com/viewjob?jk=39db5866372ca186
"Database Consultant, South Korea",EDB,경기도,https://kr.indeed.com/viewjob?jk=c74c99c413a34fae
Solution Architecture: Starts-Up/Gaming,Success Korea,서울,https://kr.indeed.com/viewjob?jk=6ae76a6437a8a2b6
데이터 인프라 담당자 모집,카카오,성남 판교역,https://kr.indeed.com/viewjob?jk=6fe5311eacbea17a
Business Data Analyst 비즈니스 데이터분석가 경력 채용,Coupang,서울,https://kr.indeed.com/viewjob?jk=2e471d0cf19be66c
[데이터분석] sql 사용,에이치알 코리아,서울,https://kr.indeed.com/viewjob?jk=eadb24575cdc53e3
[신규프로젝트] 차세대 콘솔 Maya 리거 채용,엔씨소프트,성남 판교역,https://kr.indeed.com/viewjob?jk=7bd59201a82e59ed
"웹개발, JSP 외 경력 계약직",씨엠,대전 동구,https://kr.indeed.com/viewjob?jk=e9a4e8833114cfdd
Front end 개발자,브릭,성남 분당구,https://kr.indeed.com/viewjob?jk=cac18e6bcbee5a21
빅데이터 분석/활용(과~차장),Success Korea,서울,https://kr.indeed.com/viewjob?jk=2dc48511f09843fa
Software Integration Engineer,Success Korea,서울,https://kr.indeed.com/viewjob?jk=d0ad8d53ad979e23
검색품질 담당,Success Korea,서울 삼성동,https://kr.indeed.com/viewjob?jk=d5597ab320c653af
4G LTE/5G NR Software Engineer,Success Korea,서울 신대방동,https://kr.indeed.com/viewjob?jk=081ba90fcfa975e3
에이테크 함께할 R&D연구원(석사),에이테크,울산 중구,https://kr.indeed.com/viewjob?jk=3d9767102d05d20c
빌링서버 개발자,Success Korea,서울,https://kr.indeed.com/viewjob?jk=d9f1c1b5579f37c4
"데이터사이언스, mSQL 외 경력 정규직",에임즈인터내셔널코리아,서울 강남구,https://kr.indeed.com/viewjob?jk=21b3c46baa6219c5
빅데이터 전략/마케팅 (과~차장),Success Korea,서울 중구,https://kr.indeed.com/viewjob?jk=c81984fb6cd9a0c6
자율주행로봇 S/W 개발자,㈜퓨처로봇,성남 분당구,https://kr.indeed.com/viewjob?jk=64edfbfd65a20197
Video Analytics(VA) Software Developer,Success Korea,서울,https://kr.indeed.com/viewjob?jk=ca46d5dccd5e9d73
"모바일 웹 개발자(PHP, 파이썬 등)",더치트,서울 구로구,https://kr.indeed.com/viewjob?jk=9ac6b87e1a792f34
Video Solution System Engineer,Success Korea,서울,https://kr.indeed.com/viewjob?jk=838599aa8cfbcf47
"Software Engineer, Data Platform",Sendbird,서울,https://kr.indeed.com/viewjob?jk=2de3ab2b6248ed8c
포털 신규 검색기술 파일럿 개발(사원-차장),Success Korea,서울,https://kr.indeed.com/viewjob?jk=15c8fa49b690a9e5
(XTRM)Data Engineer,크래프톤,서울 서초동,https://kr.indeed.com/viewjob?jk=a5b981de5082118d
"[(주)엑스퍼넷] 부설연구소 시스템, 솔루션 개발 신규직원",엑스퍼넷,서울 구로구,https://kr.indeed.com/viewjob?jk=3df550c7d8168428
아이나비 컴퓨터비전/머신러닝 개발 담당 신입 및 경력 모집,팅크웨어(주) 관심기업,성남 삼평동,https://kr.indeed.com/viewjob?jk=e48611af85725bb0
[Search] 검색 SRE DevOps 엔지니어 (신입),네이버,서울,https://kr.indeed.com/viewjob?jk=6029805d297f705f
qe 소프트웨어 엔지니어,에이치알 코리아,대한민국,https://kr.indeed.com/viewjob?jk=85687b250386c4be
[기업부설연구소] SW 개발 정규직,다스코포레이션,경상북도 구미,https://kr.indeed.com/viewjob?jk=298cfa61bcf135ea
블록체인인터넷경제연구센터 위촉연구원,광주과학기술원,광주 북구,https://kr.indeed.com/viewjob?jk=e514745768281aba
Principal Solutions Integration Developer,Nuance,서울,https://kr.indeed.com/viewjob?jk=8b38a1e6d7f014b2
Principal Business Analyst (Global Operation Program),Coupang,서울,https://kr.indeed.com/viewjob?jk=23051a1d08a6ca20
GNI 소프트웨어 개발자,KAN,울산 북구,https://kr.indeed.com/viewjob?jk=b2ebc1da56d8b120
Senior Business Transformation Consultant : Data Scientist,IBM,서울,https://kr.indeed.com/viewjob?jk=cd0aadc5782a9ea0
경력 있는 로보 콘텐츠 개발자 (정규직),주)씽크풀,서울 영등포구,https://kr.indeed.com/viewjob?jk=be087d64458b0bdc
DevOps (Infra) Engineer,myrealtrip,서울,https://kr.indeed.com/viewjob?jk=5094f4c0e5ee9348
AI(인공지능) 개발자,휴먼디지털,서울,https://kr.indeed.com/viewjob?jk=d498993697237b33
WaveBridge BackEnd Developer 경력직,웨이브릿지,서울 강남구,https://kr.indeed.com/viewjob?jk=ea7a7ab6e15151c1
IT 웹/응용/시스템프로그래머,이루텔럭키,경기도 군포,https://kr.indeed.com/viewjob?jk=26c9d5fb4de9c30f
Principal Business Analyst (Search and Discovery Analytics),Coupang,서울,https://kr.indeed.com/viewjob?jk=8d0b3a79363b5a69
대기업계열 화학사 DT전략수립 및 분석 (대리급),에이치알 코리아,대한민국,https://kr.indeed.com/viewjob?jk=7b7ce79c1063c703
챗봇 플랫폼 개발자 모집,카카오,성남 판교역,https://kr.indeed.com/viewjob?jk=20d40ee61adffeca
백엔드 개발자 경력 정규직/알바 (PHP),해피브릿지,서울 서초구,https://kr.indeed.com/viewjob?jk=5960118b16741744
일삼헤르츠(주) 웹개발 서비스 개발자 경력직,일삼헤르츠,서울,https://kr.indeed.com/viewjob?jk=5003a0c1eab64760
TA,제이씨이,성남 분당구,https://kr.indeed.com/viewjob?jk=8eca56448e2574c8
[Engineering] Back-end Developer,"Miso, inc",서울,https://kr.indeed.com/viewjob?jk=80d3108dade97b0f
기업부설연구소 연구원 경력 정규직,이룸에스엔에스,경기도 부천,https://kr.indeed.com/viewjob?jk=7a4a03e57d1263a2
"Principal, Business Analyst (Ad Product-Tech)",Coupang,서울,https://kr.indeed.com/viewjob?jk=e9fb9643a3bcb30f
데이터 플랫폼 개발,Nexon,성남 분당구,https://kr.indeed.com/viewjob?jk=371bf411a9529ae9
"신축년 백엔드,프론트엔드,솔루션개발자",제스웨어,서울 서초구,https://kr.indeed.com/viewjob?jk=25ccd128b7c6102b
[배민서비스실] 검색서비스 개발자,우아한 형제들,서울 송파구,https://kr.indeed.com/viewjob?jk=1241d1e756b15ce4
SW 개발 경력 정규직,협성기전,성남 분당구,https://kr.indeed.com/viewjob?jk=cf795963bfb65815
기술적 진단/침해분석(시스템보안),Success Korea,서울,https://kr.indeed.com/viewjob?jk=2d68585432d43fd9
Principal Business Analyst (CPLB Compliance Trust & Safety),Coupang,서울,https://kr.indeed.com/viewjob?jk=3ed29c073589a53d
Data Analyst,Success Korea,서울,https://kr.indeed.com/viewjob?jk=199aa61adf1e194e
데이터 엔지니어,NHN ACE,성남 판교역,https://kr.indeed.com/viewjob?jk=e803cc5c050eb359
아이나비 ADAS 영상처리 알고리즘 개발자 신입 및 경력 모집,팅크웨어(주) 관심기업,성남 삼평동,https://kr.indeed.com/viewjob?jk=f313fb5e0eb39349
[Engineering] Front-end Developer,"Miso, inc",서울,https://kr.indeed.com/viewjob?jk=9f7d7cbe5e172a01
[포털서비스] AB테스트 설계/분석 데이터 엔지니어 및 서버 개발자 모집,카카오,성남 판교역,https://kr.indeed.com/viewjob?jk=b970fab4900ee5ec
[신규 프로젝트][Project TL] MMORPG 마야 리거 모집,엔씨소프트,성남 판교역,https://kr.indeed.com/viewjob?jk=08adec321e8a4a3d
"MVP 개발 엔지니어(서버, 웹프론트) (정규직, 계약직, 프리랜서)",더테스터,대전 중구,https://kr.indeed.com/viewjob?jk=1748baa27965fdbf
Database Engineer,myrealtrip,서울,https://kr.indeed.com/viewjob?jk=2456da01f59e88b0
소프트웨어 개발자,팍스웰,경기도 하남,https://kr.indeed.com/viewjob?jk=e79562d409aecfce
2019 Military Service Exemption Position Available at the IBS CMCM (Synthetic Organic/Polymer Chemistry OR Theoretical Study of Carbon and Related Materials),울산과학기술원,울산 언양읍,https://kr.indeed.com/viewjob?jk=8becbf73bbda7c96
Data Engineer(경력),PUBG,서울,https://kr.indeed.com/viewjob?jk=fa765e906dee93e3
Backend Developer(Python or Java),Success Korea,서울,https://kr.indeed.com/viewjob?jk=cdb90cb901fd6977
[경기지역 우수중소기업 온라인 박람회],넷믹스,성남 분당구,https://kr.indeed.com/viewjob?jk=9144817ca6d5abb5
로봇소프트웨어개발자 경력 정규직,티라유텍,안양 동안구,https://kr.indeed.com/viewjob?jk=25c8daf7e03b9de6
"서버/클라이언트 Application 개발, java, 웹개발 기술연구소 연구원",굿링크,경상남도 진주,https://kr.indeed.com/viewjob?jk=0019db89120acd75
DevOps Engineer (경력),데브시스터즈,서울 강남구,https://kr.indeed.com/viewjob?jk=20c287566cd343b7
머신러닝 개발자,Success Korea,서울,https://kr.indeed.com/viewjob?jk=2900b41c0b091e46
"Sr. Manager, Customer Insights (광고비즈니스 데이터 분석 인사이트)",Coupang,서울,https://kr.indeed.com/viewjob?jk=f797a2d19667b1e6
.NET 기반 소프트웨어 개발 직원,센싱플러스,포항 북구,https://kr.indeed.com/viewjob?jk=b7eb1cbb65d7db2f
지구·환경공학부 환경시스템공학 연구실 위촉연구원,광주과학기술원,광주 북구,https://kr.indeed.com/viewjob?jk=d425b24146af3fa1
카카오톡 보이스톡/페이스톡/라이브톡 개발자 모집,카카오,성남 판교역,https://kr.indeed.com/viewjob?jk=d585814d097935eb
데이터 서비스/DevOps 엔지니어,데브시스터즈,서울 강남구,https://kr.indeed.com/viewjob?jk=4fda118c213bba8c
모바일 RPG 게임,Success Korea,서울,https://kr.indeed.com/viewjob?jk=4e4c0ded02e9efd4
데이터 과학자 (3년 이상),우아한 형제들,서울 송파구,https://kr.indeed.com/viewjob?jk=786df6fc50dd84f3
Senior Systems Engineer,Ciena,서울,https://kr.indeed.com/viewjob?jk=2ad7f845f80c0331
Quantitative Researcher,Success Korea,서울 종로구,https://kr.indeed.com/viewjob?jk=324059b8ab6962c0
Quantitative Researcher,Success Korea,서울 종로구,https://kr.indeed.com/viewjob?jk=324059b8ab6962c0
[전문연구요원] AI R&D - Speech AI,엔씨소프트,성남 판교역,https://kr.indeed.com/viewjob?jk=cb26121026233b28
[Engineering] Full Stack Developer,"Miso, inc",서울,https://kr.indeed.com/viewjob?jk=754348a9c3f08d66
M&E Specialist Solutions Architect,Amazon Web Services Korea LLC,서울,https://kr.indeed.com/viewjob?jk=89bccf4060ac7546
Principal Business Analysis (Service design excellence),Coupang,서울,https://kr.indeed.com/viewjob?jk=e429c7f6fd2443c4
제17기 자바&파이썬 웹애플리케이션 전문가 양성과정,케이티디에스,서울 서초구,https://kr.indeed.com/viewjob?jk=9e0686c97096df21
Quant 트레이딩 부문,벨에포크자산운용,서울 신사동,https://kr.indeed.com/viewjob?jk=482ce9b4a3f57f11
[(주)데이터로직스] 웹 개발PL 신입/경력,데이터로직스,울산,https://kr.indeed.com/viewjob?jk=7419a7181a9255fc
[카카오 클라우드] 클라우드 개발자(Monitoring as a Service) 모집,카카오,성남 판교역,https://kr.indeed.com/viewjob?jk=6b65a5a35da64ed3
[KSTEC] 2020년 신입 및 경력 채용 (SW개발자),지식시스템(주) 관심기업 IBK추천,성남 삼평동,https://kr.indeed.com/viewjob?jk=9d402790b29c351e
"[(주)데이터누리] Java 개발자 신입, 경력",데이터누리,서울 강서구,https://kr.indeed.com/viewjob?jk=643ef4db65461d01
자율주행 평가 개발자,에스더블유엠,안양 동안구,https://kr.indeed.com/viewjob?jk=67fc49a99fbd48de
"주식운용, 마케팅",디지비자산운용,서울 여의도역,https://kr.indeed.com/viewjob?jk=aa543771fc36823f
[(주)케이엠에듀] AI(인공지능) 개발자 및 빅데이터 분석 플랫폼 개발 및 운영자,케이엠에듀,서울 금천구,https://kr.indeed.com/viewjob?jk=5a40c1062c719241
전장 SW 설계,에이치알 코리아,대한민국,https://kr.indeed.com/viewjob?jk=c57c609184e44c79
DevOps Engineer,Soomgo,서울 강남구,https://kr.indeed.com/viewjob?jk=011806f0e8a599fb
웹 응용 소프트웨어 개발자,시큐어인공지능,서울 성수동1가,https://kr.indeed.com/viewjob?jk=60f82ec0fc9a443b
NAVER IDC 서버 운영/관리(평촌),NIT Service,안양 동안구,https://kr.indeed.com/viewjob?jk=097c35ed002a62e5
"Technical Solutions Engineer, Infrastructure, Google Cloud",Google,서울,https://kr.indeed.com/viewjob?jk=98c3495f6684d0ba
[Design] Product Designer (Senior),"Miso, inc",서울,https://kr.indeed.com/viewjob?jk=8931aec27788310e
게임 서버 프로그래밍,Nexon,성남 분당구,https://kr.indeed.com/viewjob?jk=3d678bf37ef6b4a4
[청년디지털일자리][포티투마루] 인공지능 B2B서비스 신입/경력 기획자,포티투마루,서울 관악구,https://kr.indeed.com/viewjob?jk=1047eb1b2d56de60
Full Stack Developer (Internal Products),Toss,서울 강남구,https://kr.indeed.com/viewjob?jk=60c38beac39270b1
Principal Sales Engineer - Korea,EDB,경기도,https://kr.indeed.com/viewjob?jk=989d2cc157920edf
시스템 엔지니어,Success Korea,서울 쌍림동,https://kr.indeed.com/viewjob?jk=378ba0857c42e407
SW 품질 보증 전문가,Success Korea,서울,https://kr.indeed.com/viewjob?jk=8461bfe74b0948cf
"Technical Account Manager, OEM Android Partner Engineering",Google,서울,https://kr.indeed.com/viewjob?jk=b19c47ac5fc6e4c5
자바 (JAVA) 프로그래머,서남아이에스,서울 금천구,https://kr.indeed.com/viewjob?jk=67bffd220d31b17b
데이터분석가,Success Korea,서울,https://kr.indeed.com/viewjob?jk=eb4f78c31e1860f4
OPC AE,Synopsys,경기도 성남,https://kr.indeed.com/viewjob?jk=28b676c81d7ef247
Surfacing,Mofac,서울 서초구,https://kr.indeed.com/viewjob?jk=2e7b4cdaddc82b04
전자상거래 플랫폼 인프라 설계/구축/운영,Success Korea,서울,https://kr.indeed.com/viewjob?jk=9301688209a46cd7
"Senior, Database Engineer (DBA)",Coupang,서울,https://kr.indeed.com/viewjob?jk=4f84e13311d88ec3
Korea ODP Cloud Engineer Customer Experience,Oracle,대한민국,https://kr.indeed.com/viewjob?jk=d90a0666c61d6651
기술영업(신입/경력),에이치알 코리아,대한민국,https://kr.indeed.com/viewjob?jk=9fa9d498506f86aa
카카오톡 신규 서비스 서버 개발자 모집,카카오,성남 판교역,https://kr.indeed.com/viewjob?jk=de210ffb5a9ee0c4
Java기반 Full-Stack 소프트웨어 개발자,브릭,성남 분당구,https://kr.indeed.com/viewjob?jk=a66f93ef84c4698d
SENIOR BACKEND DEVELOPER,Cobblestone Energy,서울,https://kr.indeed.com/viewjob?jk=cbfc3e456d0a35f1
Product Data Analyst (Coupang Eats),Coupang,서울,https://kr.indeed.com/viewjob?jk=2cca42ee0951d4be
QA,Success Korea,서울 충무로역,https://kr.indeed.com/viewjob?jk=3a521c162c858ff4
C / C++ for our CDN/ADN system Developer,Success Korea,서울,https://kr.indeed.com/viewjob?jk=99e76e3ade272a0a
[공통기술부문] 클라우드플랫폼 개발자,우아한 형제들,서울 송파구,https://kr.indeed.com/viewjob?jk=b18fa310f705ed6d
"Principal, Back-end Engineer (SCM Insights)",Coupang,서울,https://kr.indeed.com/viewjob?jk=f59ae6a493eec795
Customer Facing Data Scientist,Ever Better Recruitment (EBR),서울,https://kr.indeed.com/viewjob?jk=b06176c3a7092e0a
Data Engineer(전직/보충역 산업기능요원 가능),Success Korea,서울,https://kr.indeed.com/viewjob?jk=8608fc6f73158097
Data Engineer,Success Korea,서울,https://kr.indeed.com/viewjob?jk=fdf1db98262a7014
고객데이터 분석 (3년이상),Success Korea,서울,https://kr.indeed.com/viewjob?jk=0f26fc885d7f30ee
"Senior Manager, Business Analysis [Growth Analytics]",Coupang,서울,https://kr.indeed.com/viewjob?jk=89cb63d27e8396f4
머신러닝 엔지니어 (3년이상),Success Korea,서울,https://kr.indeed.com/viewjob?jk=c4338692c14fa45a
Senior Full-stack Developer,Asiance,서울,https://kr.indeed.com/viewjob?jk=55d856d12c2156ca
[경력직] 미들웨어/PasS 엔지니어 채용,에이치알 코리아,서울,https://kr.indeed.com/viewjob?jk=8d3779495965701b
DX혁신부문 Tech Lab Senior Machine Learning & AI(Data professional) 정규직,이투스교육,서울 강남구,https://kr.indeed.com/viewjob?jk=9b09565fe78ef392
기후 분석&모델링연구실 시간제연구원,광주과학기술원,광주 북구,https://kr.indeed.com/viewjob?jk=78d1ec77f4a5e0dc
DGIST 제2차 계약직 연구원 채용공고,대구경북과학기술원,대구 현풍면,https://kr.indeed.com/viewjob?jk=2cfd15907402c5cc
"S/W개발, Database 외 신입/경력 정규직",KAN,울산 북구,https://kr.indeed.com/viewjob?jk=d588c78715772f11
인증아이템 신규 플랫폼 서버 개발자 모집,카카오,성남 판교역,https://kr.indeed.com/viewjob?jk=3c1331c8e7e611fe
[IT R&D] 머신러닝 개발 부문 (주임~과장),Success Korea,서울 을지로동,https://kr.indeed.com/viewjob?jk=1a8ac51bcd79040f
[AI R&D] ML 엔지니어 수시 모집,엔씨소프트,성남 판교역,https://kr.indeed.com/viewjob?jk=dcecd1d860e25ebe
AI Product Developer 모집,엔씨소프트,성남 판교역,https://kr.indeed.com/viewjob?jk=a7798171573a104e
데이터분석,Success Korea,서울,https://kr.indeed.com/viewjob?jk=67e90e28e81d778d
전기전자컴퓨터공학부(바이오컴퓨팅연구실) 위촉연구원,광주과학기술원,광주 북구,https://kr.indeed.com/viewjob?jk=98c2229e57d4ee1f
Alibaba Cloud Intelligence Solutions Architect South Korea,Alibaba,서울,https://kr.indeed.com/viewjob?jk=d8b903e3573250b1
플랫폼 개발,NHN,성남 판교역,https://kr.indeed.com/viewjob?jk=e8ff70f4dd69a226
SITE RELIABILITY ENGINEER,"ODK Media, Inc.",서울 강남구,https://kr.indeed.com/viewjob?jk=31be560f3d6a7963
[개발팀] 백엔드 서버 개발자 (경력),시더,안양 만안구,https://kr.indeed.com/viewjob?jk=430f8cb4e8af5422
스팸 및 어뷰징 분석/대응 시스템 개발자 모집,카카오,성남 판교역,https://kr.indeed.com/viewjob?jk=a25c504ff473f758
"[워라벨 / 정시퇴근] 부동산정보 제공사이트 운영 및 개발업무 (웹개발, 경력)",투리치,서울 성동구,https://kr.indeed.com/viewjob?jk=3903b330cc89e56b
데이터프로덕트 서버 개발자 (2년 이상),우아한 형제들,서울 송파구,https://kr.indeed.com/viewjob?jk=f2e8324d211ea289
Data Analyst (3년 이상),Success Korea,서울,https://kr.indeed.com/viewjob?jk=0ec5b648329eb0eb
인간중심 지능형 시스템 연구실 위촉연구원,광주과학기술원,광주 북구,https://kr.indeed.com/viewjob?jk=9fb50d6eec9e7045
[오니온파이브] 2021 개발 경력직 정기,오니온파이브,서울 중구,https://kr.indeed.com/viewjob?jk=18561c6448526262
Application Engineer Consultant - HAV,Mentor Graphics (Korea) LLC,경기도 성남,https://kr.indeed.com/viewjob?jk=f4750c486cc78516
블록체인인터넷경제 연구센터 위촉연구원,광주과학기술원,광주 북구,https://kr.indeed.com/viewjob?jk=77d8e0149dad533b
[신규프로젝트] 시니어 클라이언트 프로그래머 모집,엔씨소프트,성남 판교역,https://kr.indeed.com/viewjob?jk=3f7d27508b5fb825
빅데이터 분석/컨설팅(3년이상 경력),에이치알 코리아,서울,https://kr.indeed.com/viewjob?jk=1686bc8fdc03fd84
통계 분석 전문가,Success Korea,서울 강서구,https://kr.indeed.com/viewjob?jk=04ecc7af1c61ab5a
IT 데이터 분석 전문가,Success Korea,서울,https://kr.indeed.com/viewjob?jk=633275d4c482a753
지스트 블록체인경제센터(강남소재) 계약직연구원,광주과학기술원,광주 북구,https://kr.indeed.com/viewjob?jk=794e209e405f4fc0
(주)에이테크와 함께할 솔루션 개발팀장/파트장,에이테크,울산 중구,https://kr.indeed.com/viewjob?jk=5702c02123c8bd42
"Senior Manager, Data Engineering (EDW Pipelines)",Coupang,서울,https://kr.indeed.com/viewjob?jk=61b74d6410db2780
"Principal, Back-end Engineering (Seller Listing)",Coupang,서울,https://kr.indeed.com/viewjob?jk=75026d8029d690ac
Junior and/or Senior Engineers for MySQLDatabase Services,Success Korea,서울,https://kr.indeed.com/viewjob?jk=882ce3f45214f1b1
테크니컬 아키텍트,Success Korea,서울,https://kr.indeed.com/viewjob?jk=bc4a0e62c7c3d510
Cloud Security Solution Engineer 5년 이상,"- 15년 연혁의 시스템소프트웨어 개발,공급,홈페이지 구축,모바일컨텐츠서비스 개발 및 공급...",서울 논현동,https://kr.indeed.com/viewjob?jk=9c0f22ddda7df98a
Senior Business Analyst (Site Merchandising),Coupang,서울,https://kr.indeed.com/viewjob?jk=360f14f0eac93221
Data Analyst (5년이상),Success Korea,서울,https://kr.indeed.com/viewjob?jk=4075d8bfdc15d56d
Data Engineer (머신러닝),Success Korea,서울,https://kr.indeed.com/viewjob?jk=aaddfd7bbf12d7a1
머신러닝기반 데이터분석_신입[4차],Success Korea,서울 선릉역,https://kr.indeed.com/viewjob?jk=1b17d214a0d694f1
DGIST 동반진단의료기술융합연구실 계약직 연구원 공개 채용 공고,대구경북과학기술원,대구 현풍면,https://kr.indeed.com/viewjob?jk=776ccceeaf6fe02e
그로스해킹/데이터분석 (5년이상),Success Korea,서울,https://kr.indeed.com/viewjob?jk=6f29b95e3fb173f5
차세대 광-무선 가입자망 연구센터 연구전담교수,광주과학기술원,광주 북구,https://kr.indeed.com/viewjob?jk=05439002712f8135
데이터모델링/BI기획,Success Korea,서울,https://kr.indeed.com/viewjob?jk=061758a50515258f
Web 개발,Success Korea,서울 중구,https://kr.indeed.com/viewjob?jk=c193b65defa6a4ec
지스트 블록체인경제센터(강남소재) 계약직(연구원),광주과학기술원,광주 북구,https://kr.indeed.com/viewjob?jk=674370fd38bce0dd
지스트 블록체인경제센터 계약직연구원,광주과학기술원,광주 북구,https://kr.indeed.com/viewjob?jk=a7c68eba65a950aa
머신러닝기반 데이터분석[2차],Success Korea,서울 선릉역,https://kr.indeed.com/viewjob?jk=891673055e77db43
머신러닝기반 데이터분석_신입[5차],Success Korea,서울 선릉역,https://kr.indeed.com/viewjob?jk=6742021c5e4b1386
Sr.Backend Developer(Fintech),Success Korea,서울,https://kr.indeed.com/viewjob?jk=5548391bead30e27
Machine Learning Engineer (자연어처리),Success Korea,서울,https://kr.indeed.com/viewjob?jk=d30038cd4e0afa9c
Data Analyst (3년이상),Success Korea,서울,https://kr.indeed.com/viewjob?jk=91805cdafa75095d
Operations Associate (운영팀원) - 한국,Beam,서울,https://kr.indeed.com/viewjob?jk=e58c6fe6fd87f03e
고객데이터 분석,Success Korea,서울,https://kr.indeed.com/viewjob?jk=71dfe9e7b0f2643b
플랫폼 백엔드 개발,Success Korea,서울,https://kr.indeed.com/viewjob?jk=9a159041784041c1
"Senior Manager, Business Analysis (CRM Targeting)",Coupang,서울,https://kr.indeed.com/viewjob?jk=53f4c60a85bf3609
[Engineering] React Native Developer,"Miso, inc",서울,https://kr.indeed.com/viewjob?jk=315c65b8337d3e7a
SoC ASIC 설계 엔지니어 (딥러닝 하드웨어 프로세서 개발),딥엑스,성남 분당구,https://kr.indeed.com/viewjob?jk=6a68b4e0dc19995e
Machine Learning Engineer (이미지기술개발),Success Korea,서울,https://kr.indeed.com/viewjob?jk=f2862292f0a18038
Junior and/or Senior S/W Engineers for Hadoop and HIVE,Success Korea,서울,https://kr.indeed.com/viewjob?jk=98ce457f0c17a02e
[ 히든그레이스] 연구 논문과 빅데이터 분석가,히든그레이스,서울 서초구,https://kr.indeed.com/viewjob?jk=365556b277e2543f
[신규프로젝트] 차세대 콘솔 테크니컬 아티스트 채용,엔씨소프트,성남 판교역,https://kr.indeed.com/viewjob?jk=a35563d9c3ef647d
DGIST 동반진단의료기술융합연구실 계약직 연구원 공개 초빙 공고,대구경북과학기술원,대구 현풍면,https://kr.indeed.com/viewjob?jk=cb32ed51c4e0c7ad
Text 분석,Success Korea,서울,https://kr.indeed.com/viewjob?jk=60097047695d7c71
[ASAP] 머신러닝 엔지니어 (10년차 이상 혹은 전후),Success Korea,서울,https://kr.indeed.com/viewjob?jk=4dc7b795d4e8efb8
DGIST 미래자동차융합연구센터 계약직 연구원 및 연수연구원 공개 초빙 공고,대구경북과학기술원,대구 현풍면,https://kr.indeed.com/viewjob?jk=74cf47be676133ff
온시큐리티(주) 빅데이터기반 인공지능 네트워크/보안 개발자 정규직,온시큐리티,서울 송파구,https://kr.indeed.com/viewjob?jk=2c229768afa02d2d
Effect Supervisor (경력 10년 이상) Effect Artist (신입),Mofac,서울 서초구,https://kr.indeed.com/viewjob?jk=0fea9598510abf0e
"Senior Manager, Business Analysis (Coupang Eats)",Coupang,서울,https://kr.indeed.com/viewjob?jk=0c14befa83522ce0
"Cloud Infrastructure Engineer, DevOps",Sendbird,서울,https://kr.indeed.com/viewjob?jk=8a944e50635e8ac8
데이터개발자,PUBG,서울,https://kr.indeed.com/viewjob?jk=117767361ef74052
머신러닝기반 데이터분석_신입[3차],Success Korea,서울 선릉역,https://kr.indeed.com/viewjob?jk=f9c492daa7d5c940
Data Scientist (고객데이터 분석),Success Korea,서울,https://kr.indeed.com/viewjob?jk=7aa43c167847c40f
고객 행동 Log 분석 전문가(Web/App Log Analyst),Success Korea,서울,https://kr.indeed.com/viewjob?jk=fde71a032b2fe17d
빅데이터 분석,Success Korea,서울 삼성동,https://kr.indeed.com/viewjob?jk=8e6657a5f7faa7f0
Deep Learning Engineer(영상 처리),Success Korea,서울,https://kr.indeed.com/viewjob?jk=c0f615c8aecd5778
서비스 개발 및 관리,Success Korea,서울,https://kr.indeed.com/viewjob?jk=bbf36187bf5002f0
Big Data Engineer,휴먼디지털,서울,https://kr.indeed.com/viewjob?jk=6863b8ecbee9cb28
데이터 엔지니어 (3년 이상),우아한 형제들,서울 송파구,https://kr.indeed.com/viewjob?jk=c62d380a1585df66
SW 개발,Success Korea,서울 신논현역,https://kr.indeed.com/viewjob?jk=dd44bd54e55b2ef8
Design Verification 엔지니어 (딥러닝 하드웨어 프로세서 개발),딥엑스,성남 분당구,https://kr.indeed.com/viewjob?jk=a7e0d87ee0e9a7b9
빅데이터 플랫폼 운영 및 분석구현,Success Korea,서울,https://kr.indeed.com/viewjob?jk=89d3bffd37a2487a
반응형웹개발자(3년이상),에이치알 코리아,대한민국,https://kr.indeed.com/viewjob?jk=e42dff836a3182d7
빅데이터 개발(3년이상 경력),에이치알 코리아,서울,https://kr.indeed.com/viewjob?jk=a72ab5e8773b9ad8
"웹/모바일 기반 벡엔드/프론트엔드 개발_대리, 과장급_대기업",에이치알 코리아,대한민국,https://kr.indeed.com/viewjob?jk=8c4e16d1785c009f
DGIST HumanLAB(인간중심지능형시스템연구실) 연수연구원 채용 공고,대구경북과학기술원,대구 현풍면,https://kr.indeed.com/viewjob?jk=54ce47c4db974112
게임플랫폼 서버개발,Success Korea,성남 서현역,https://kr.indeed.com/viewjob?jk=54a07508e05274ad
머신러닝 엔지니어 (Machine Learning Engineer),Success Korea,서울,https://kr.indeed.com/viewjob?jk=4fb135f4b8706402
Operations Manager (운영팀장) - 한국,Beam,서울,https://kr.indeed.com/viewjob?jk=43bf0c7e2b10e9b5
Machine Learning Engineer (8년이상),Success Korea,서울,https://kr.indeed.com/viewjob?jk=e9952107e4857eaf
Senior Back-end Engineer (Query Understanding),Coupang,서울,https://kr.indeed.com/viewjob?jk=0df2999925f12355
응용프로그래머[초급],Success Korea,서울 성수동,https://kr.indeed.com/viewjob?jk=51e4a43ef0bb093e
"Sr. Principal, Cloud Architect",Coupang,서울,https://kr.indeed.com/viewjob?jk=a64f08cbadf0e76b
DGIST-ETH 마이크로로봇연구센터 계약직 연구원 공개 초빙 공고,대구경북과학기술원,대구 현풍면,https://kr.indeed.com/viewjob?jk=9d1d9fcf2b97a012
Analytics Engineer,Success Korea,서울 삼성동,https://kr.indeed.com/viewjob?jk=27d9e11d9be4ec2b
Javascript Developer,Success Korea,서울,https://kr.indeed.com/viewjob?jk=e07bf0c08b59ca0c
Back-end Developer 백엔드 개발자 (JAVA),Peer,서울 강남구,https://kr.indeed.com/viewjob?jk=de02498698b3c239
Senior Robotics Software Engineer,Bear Robotics,서울,https://kr.indeed.com/viewjob?jk=674466316840f8f5
Data Mining 개발(3년이상 경력),에이치알 코리아,서울,https://kr.indeed.com/viewjob?jk=8cf3625826afa063
카카오 분석 플랫폼 경력 개발자 모집,카카오,성남 판교역,https://kr.indeed.com/viewjob?jk=8ae7c240ef7d5f0b
DGIST 미래자동차융합연구센터 계약직 연구원 공개 초빙 공고,대구경북과학기술원,대구 현풍면,https://kr.indeed.com/viewjob?jk=804460831e533914
DGIST 미래자동차융합연구센터 계약직 연구원 및 박사후연수연구원 공개 초빙 공고,대구경북과학기술원,대구 현풍면,https://kr.indeed.com/viewjob?jk=2459b164bb22d0f4
DGIST 동반진단의료기술융합연구실 계약직 연구원 채용 공고,대구경북과학기술원,대구 현풍면,https://kr.indeed.com/viewjob?jk=db55ee61f98e6816
DW&BI팀 Data Engineer,Success Korea,서울,https://kr.indeed.com/viewjob?jk=38d2f5a2543582fc
RDBMS / NoSQL 운영,Success Korea,성남 분당구,https://kr.indeed.com/viewjob?jk=6679e8bd774098f8
Search Developer,Success Korea,서울,https://kr.indeed.com/viewjob?jk=b55ab8f1eb968bca
Back-end Engineer 경력 채용,주식회사 카사코리아 관심기업,서울 삼성동,https://kr.indeed.com/viewjob?jk=7ab72b2f19e2425d
인간중심 지능형 시스템 연구실 시간제 연구원,광주과학기술원,광주 북구,https://kr.indeed.com/viewjob?jk=67503f27b0365593
Junior and/or Senior S/W Engineers for Cassandra NoSQL Services,Success Korea,서울,https://kr.indeed.com/viewjob?jk=c495ae06620d2544
영상보안 Application 개발 및 수행,Success Korea,서울 중구,https://kr.indeed.com/viewjob?jk=493a39e613f9971a
플랫폼 Back-end 개발 (5년이상),Success Korea,서울,https://kr.indeed.com/viewjob?jk=a07f68014776c455
하둡 엔지니어 (긴급),Success Korea,서울 강남구,https://kr.indeed.com/viewjob?jk=30a73289957a9676
AI Algorithm Developer,펄핏,서울 강남구,https://kr.indeed.com/viewjob?jk=88b7dece067cd1c6
데이터 분석,Success Korea,서울 강남구,https://kr.indeed.com/viewjob?jk=a54b90ba32c7f68e
TA [Animation 특화],Success Korea,서울 구로구,https://kr.indeed.com/viewjob?jk=941d0cefc1d5b28d
서버개발 엔지니어(사원~대리),Success Korea,서울 가산디지털단지역,https://kr.indeed.com/viewjob?jk=a7b63456fe29200d
"Senior, QA Engineer (CMG Tech)",Coupang,서울,https://kr.indeed.com/viewjob?jk=4eb183fabe6be063
API설계/개발,Success Korea,서울 선릉역,https://kr.indeed.com/viewjob?jk=4f76e06ec22d352a
[신규사업실]시니어 Back-end 개발,Success Korea,서울,https://kr.indeed.com/viewjob?jk=2cadf87cc64c38d6
응용프로그래머,Success Korea,서울 성수동,https://kr.indeed.com/viewjob?jk=e91a1e74c8e477b7
광고플랫폼 Data Scientist,Success Korea,성남 분당구,https://kr.indeed.com/viewjob?jk=a0b45579980662e5
게임밸런스 개발자(게임 시뮬레이터 개발),Success Korea,성남 분당구,https://kr.indeed.com/viewjob?jk=b94e79d91fcb12ac
데이터 엔지니어,에이치알 코리아,대한민국,https://kr.indeed.com/viewjob?jk=04f3458db4cc1f14
전산팀 개발 담당,Success Korea,서울 역삼동,https://kr.indeed.com/viewjob?jk=bf6d04be8ff513d2
Data Scientist,Success Korea,서울 강남구,https://kr.indeed.com/viewjob?jk=4f434e03385f0b9c
NFS - Technical Artist,Success Korea,서울,https://kr.indeed.com/viewjob?jk=3d2919e619aad7ea
Business Intelligence Manager,Success Korea,서울,https://kr.indeed.com/viewjob?jk=95ae961117610c26
보안개발자(ASAP),Success Korea,서울 삼성동,https://kr.indeed.com/viewjob?jk=a979e53aa387868c
게임 딥러닝 AI 개발,Success Korea,성남 분당구,https://kr.indeed.com/viewjob?jk=a6df161cf8e96140
응용프로그래머[팀장급],Success Korea,서울 성수동,https://kr.indeed.com/viewjob?jk=12bca81588e3f9aa
AD Machine Learning Engine 개발,Success Korea,성남 분당구,https://kr.indeed.com/viewjob?jk=86a47dc8924f3275
Sr.Service/platform Engineer (15년 이상),Success Korea,서울,https://kr.indeed.com/viewjob?jk=50a1cb7c9938cba4
EEFA,Success Korea,인천 송도동,https://kr.indeed.com/viewjob?jk=edb97f49613c2dd0
데이터 분석 - 데이터 분석 및 활용,Success Korea,경기도 부천,https://kr.indeed.com/viewjob?jk=88e0b296b52a64d7
데이터 사이언스,Success Korea,서울 강남구,https://kr.indeed.com/viewjob?jk=e694ab3767521447
Blockchain Software Engineer,Success Korea,성남 분당구,https://kr.indeed.com/viewjob?jk=8c651677f4732df6
데이터 전문가,Success Korea,서울 삼성동,https://kr.indeed.com/viewjob?jk=74c4f418a78c820f
Technical 아티스트 (온라인),Success Korea,서울,https://kr.indeed.com/viewjob?jk=4bc1dd7c5bfa7435
모바일게임 서버개발자 모집,Success Korea,성남 서현동,https://kr.indeed.com/viewjob?jk=52b0b1936e8b4732
FIFA - Technical Artist,Success Korea,서울,https://kr.indeed.com/viewjob?jk=9611a65456a23a06
게임플랫폼 Server 개발,Success Korea,경기도 성남,https://kr.indeed.com/viewjob?jk=a3f7e859f78c3856
Back-End 개발자 (거래소),Success Korea,서울 강남구,https://kr.indeed.com/viewjob?jk=aa33fe7923668df4
Full Stack engineer,Success Korea,서울 공덕동,https://kr.indeed.com/viewjob?jk=f9ba0aceb3ab191b
초음파의료장비 엔지니어 (Ultrasound engineer - Senior),Siemens Healthineers Ltd.,경기도 성남,https://kr.indeed.com/viewjob?jk=12868cf833a7b158
Cloud System Engineer (3년이상),Success Korea,서울,https://kr.indeed.com/viewjob?jk=9d1700f4783d53e0
DGIST 계약직 연구원 및 일반직원 초빙 공고,대구경북과학기술원,대구 현풍면,https://kr.indeed.com/viewjob?jk=65da831cb9d5a6b5
협업도구 및 코드관리도구 운영담당자 모집,카카오,성남 판교역,https://kr.indeed.com/viewjob?jk=62bedb52fadedd74
게임서버 개발,Success Korea,성남 분당구,https://kr.indeed.com/viewjob?jk=18647b6687b43e04
보안 개발전문가,Success Korea,서울 삼성동,https://kr.indeed.com/viewjob?jk=dcc2877b33c5b511
DGIST-ETH 마이크로로봇연구센터 계약직 직원(Post-doc) 공개 초빙 공고,대구경북과학기술원,대구 현풍면,https://kr.indeed.com/viewjob?jk=a96b42337bc9468a
플랫폼(크라우드펀딩 혹은 마켓플레이스) IT 개발자,Success Korea,서울 강남구,https://kr.indeed.com/viewjob?jk=44419308a1995b82
머신러닝기반 데이터분석[1차],Success Korea,서울 선릉역,https://kr.indeed.com/viewjob?jk=26cc815d5498f436
데이터 과학자(Data Scientist),Success Korea,서울 선릉역,https://kr.indeed.com/viewjob?jk=1507c71b18b36a92
[공통기술부문] SRE 엔지니어(DevOps),우아한 형제들,서울 송파구,https://kr.indeed.com/viewjob?jk=7f47fc1d202dd11c
IP/MPLS 개발자,Success Korea,성남 판교역,https://kr.indeed.com/viewjob?jk=e9fec77057594ea7
Quant 트레이딩 부문(마감),벨에포크자산운용,서울 신사동,https://kr.indeed.com/viewjob?jk=8ca5db390266dbf6
IT Specialist,Success Korea,서울 여의도역,https://kr.indeed.com/viewjob?jk=4983bec8167924da
Browser 엔지니어,Success Korea,성남 판교역,https://kr.indeed.com/viewjob?jk=ba6366fb695241b2
[ASAP] AI 개발자,Success Korea,성남 판교역,https://kr.indeed.com/viewjob?jk=75a3ab887555836a
SW개발 매니저,Success Korea,서울 삼성동,https://kr.indeed.com/viewjob?jk=a758b91ea2f0dd2b
게임 인공지능(AI),Success Korea,성남 분당구,https://kr.indeed.com/viewjob?jk=eade43a056215708
머신러닝,Success Korea,서울 선릉역,https://kr.indeed.com/viewjob?jk=5ecb57c806c47aa0
"Principal, Office365 SaaS Application Engineer (Corporate IT Applications)",Coupang,서울,https://kr.indeed.com/viewjob?jk=8c8b1c8fee606a46
Digital Executive/Analyst,ForwardPMX,서울,https://kr.indeed.com/viewjob?jk=d7d48d78c90bb6bb
게임밸런스 (게임 시뮬레이터),Success Korea,성남 분당구,https://kr.indeed.com/viewjob?jk=9681ee519a4f870e
블록체인/이머징 핀테크 사업 보안 엔지니어,Success Korea,성남 분당구,https://kr.indeed.com/viewjob?jk=8b5d08f5b64e487c
Data Analyst (데이터 분석가) 경력직,Success Korea,서울 송파구,https://kr.indeed.com/viewjob?jk=a4e5c4e5a7a552a1
DW&BI팀 Data Architect,Success Korea,서울,https://kr.indeed.com/viewjob?jk=d04d5965fd332b3e
보안 엔지니어,Success Korea,성남 분당구,https://kr.indeed.com/viewjob?jk=736c75e6528f5bb4
Consultant - Cloud Infra,Microsoft,대한민국,https://kr.indeed.com/viewjob?jk=e76292662d915031
"Senior Manager, Software Engineering (Search and Discovery Platform)",Coupang,서울,https://kr.indeed.com/viewjob?jk=864f613e52a0ee39
Security Developer,Success Korea,서울 삼성동,https://kr.indeed.com/viewjob?jk=ba3e218f3dfb8be7
Imaging Scientist,Success Korea,경기도 화성,https://kr.indeed.com/viewjob?jk=f6e50a2c31a16f79
긴급]Database Administrator & Data Warehouse Engineer,Success Korea,서울 강남구,https://kr.indeed.com/viewjob?jk=c483dda7deecb505
Senior Business Analysis (Coupang Eats),Coupang,서울,https://kr.indeed.com/viewjob?jk=3cfc0011bd1d3b5e
개인화 추천서비스 개발,Success Korea,서울 삼성동,https://kr.indeed.com/viewjob?jk=18d4b759113240ca
Back-end Web Engineer,Success Korea,서울 서초구,https://kr.indeed.com/viewjob?jk=89067ba5fc5296c0
웹개발팀장,Success Korea,서울 잠실역,https://kr.indeed.com/viewjob?jk=c4e7809eb035c7ee
Software Engineer in Test (SET),Success Korea,성남 분당구,https://kr.indeed.com/viewjob?jk=4958c02183a2ccce
제어 엔지니어,Success Korea,성남 중원구,https://kr.indeed.com/viewjob?jk=270c303d5a018cc8
서버 개발(사원~과장급),Success Korea,서울 가산디지털단지역,https://kr.indeed.com/viewjob?jk=4801b7535e8bc40d
System(Server) 엔지니어,Success Korea,서울 강남구,https://kr.indeed.com/viewjob?jk=10670c0104b17bd5
Server Developer(PHP),Success Korea,서울,https://kr.indeed.com/viewjob?jk=c8869aca354714a1
Linux Engineer,Success Korea,서울,https://kr.indeed.com/viewjob?jk=96a1ac98dcf0039c
TEST IT,Success Korea,인천 부평구,https://kr.indeed.com/viewjob?jk=00f1c06462380fc8
DGIST 고신뢰CPS연구센터 제1차 계약직 연구원 채용 공고,대구경북과학기술원,대구 현풍면,https://kr.indeed.com/viewjob?jk=1b68c0bd75dbe08d
"Senior Software Engineer, Server, Messaging",Sendbird,서울,https://kr.indeed.com/viewjob?jk=58ead3610b119e16
Client Software Engineer - NFS (코어 엔지니어),Success Korea,서울 강남구,https://kr.indeed.com/viewjob?jk=94186b23eca3f106
".NET, C·C++ 외 경력 정규직",아이비에스티,창원 마산회원구,https://kr.indeed.com/viewjob?jk=112e28af2e5a7eaf
Platform server 개발자,Success Korea,성남 분당구,https://kr.indeed.com/viewjob?jk=3da2537c07ea7706
웹개발자,Success Korea,서울 잠실역,https://kr.indeed.com/viewjob?jk=2936adf2a7318db5
메신저앱 Family OS Client 개발,Success Korea,성남 분당구,https://kr.indeed.com/viewjob?jk=9e3160233e816836
서버 시스템 or PHP 기반의 서버 엔지니어,Success Korea,서울 강남구,https://kr.indeed.com/viewjob?jk=d98bd89a9218a693
JAVA 경력 정규직,밀라노상인,서울 금천구,https://kr.indeed.com/viewjob?jk=55bb3ada5aa1efe3
"Specialized Solutions Architect III, Analytics",Amazon Web Services Korea LLC,서울,https://kr.indeed.com/viewjob?jk=9bc37251d0a3154e
Senior Cloud Reliability Engineer - HANA Core Cloud Data and Service Enablement,SAP,서울,https://kr.indeed.com/viewjob?jk=6a5691e710c7582f
결제시스템 기술개발 (대리-과장),Success Korea,성남 판교역,https://kr.indeed.com/viewjob?jk=d5a08b8f70e8d699
Technical Artist,Success Korea,서울 강남구,https://kr.indeed.com/viewjob?jk=220551aa57f5eed8
[Artist] Technical Artist - FIFA,Success Korea,서울 강남구,https://kr.indeed.com/viewjob?jk=5467f1fc45de3a63
DGIST-ETH 마이크로로봇연구센터 계약직 직원 공개 초빙 공고,대구경북과학기술원,대구 현풍면,https://kr.indeed.com/viewjob?jk=c9c0370fa9baf512
Cloud System Engineer,Success Korea,서울,https://kr.indeed.com/viewjob?jk=3d594f8990d3a797
SW개발(3명),Success Korea,서울 삼성동,https://kr.indeed.com/viewjob?jk=989584aa51f96aa1
게임플랫폼 Client 개발,Success Korea,경기도 성남,https://kr.indeed.com/viewjob?jk=913dea5d207616b9
Media Delivery Server 개발,Success Korea,성남 분당구,https://kr.indeed.com/viewjob?jk=dae2c7e9525b116a
자동화 검증 Tool 개발자,Success Korea,성남 판교역,https://kr.indeed.com/viewjob?jk=00c4f8bf9f524b96
S/W Engineering Efficiency,Success Korea,성남 분당구,https://kr.indeed.com/viewjob?jk=18848cd6c6f44fbe
Cloud Infra Platform Architect (10년 이상),Success Korea,대한민국,https://kr.indeed.com/viewjob?jk=29f023eff21a6f01
응용프로그래머[JAVA],Success Korea,서울 성수동,https://kr.indeed.com/viewjob?jk=de242c6c5e9207a9
Sydney Based Cloud Support Engineer,Success Korea,대한민국,https://kr.indeed.com/viewjob?jk=449c79ff66c3925c
RF Test SW Engineer,Success Korea,인천 송도동,https://kr.indeed.com/viewjob?jk=c24b5f58914cfbd8
Infra Platform QA,Success Korea,성남 분당구,https://kr.indeed.com/viewjob?jk=385f70c5ce9c86ff
서버개발자,Success Korea,성남 판교역,https://kr.indeed.com/viewjob?jk=5e6a30865a5ba13e
빅데이터수집/처리,Success Korea,경기도 성남,https://kr.indeed.com/viewjob?jk=d24722707c9aed56
머신러닝 엔지니어 (5년이상),Success Korea,서울,https://kr.indeed.com/viewjob?jk=cebd49d1fc32d487
Messenger Data Analytics and AI Platform 개발,Success Korea,성남 분당구,https://kr.indeed.com/viewjob?jk=98f1d7a579da7730
cloud/saas개발,Success Korea,서울,https://kr.indeed.com/viewjob?jk=6373005ce9ee17b0
웹/응용프로그래머[JAVA],Success Korea,서울 성수동,https://kr.indeed.com/viewjob?jk=311976c5906e5c25
SW Architect,Success Korea,서울 신논현역,https://kr.indeed.com/viewjob?jk=806b07d4b07e4c47
[ASAP] Clock SW 개발자,Success Korea,성남 판교역,https://kr.indeed.com/viewjob?jk=69ea511dcdc4d5e2
Linux 서버 개발자,Success Korea,성남 판교역,https://kr.indeed.com/viewjob?jk=fe69337a085bae5b
네트워크 장비 QA 엔지니어,Success Korea,성남 판교역,https://kr.indeed.com/viewjob?jk=d489908adc2560c8
Full Stack Senior 개발자,Success Korea,서울 강남구,https://kr.indeed.com/viewjob?jk=75a1f925e5637e4d
Microsoft 기술지원(Azure),Success Korea,서울 논현동,https://kr.indeed.com/viewjob?jk=5620b1845a6fad85
초음파의료장비 엔지니어 (Ultrasound engineer - Junior),Siemens Healthineers Ltd.,경기도 성남,https://kr.indeed.com/viewjob?jk=d039316cf4541e88
전산실 MIS 개발 운영 담당자 채용,Success Korea,성남 판교역,https://kr.indeed.com/viewjob?jk=e96c0409b4d2b8b5
Senior Business Analysis (CRM Targeting),Coupang,서울,https://kr.indeed.com/viewjob?jk=b6d4e5352f92aab9
지스트 블록체인인터넷경제연구센터 계약직(박사급 연구원),광주과학기술원,광주 북구,https://kr.indeed.com/viewjob?jk=7b314f7d2a99c2ea
DevOps Developer(Cloud),Success Korea,서울 논현동,https://kr.indeed.com/viewjob?jk=d3bb80eac8be7c5a
Microsoft Azure Cloud Solution Architect,Success Korea,서울 논현동,https://kr.indeed.com/viewjob?jk=c3ea33eb7ad24308
